H,Y,B
C,L,O,E
M,Y,G,N
M,Q,S,T
A,D,R,X
W,Q,G,A
E,B,E,T
N,S,I,L
C,P,A,C
F,H,P
S,K,S
A,O,R,T
F,O,X,H
C,H,M,G
A,B,G,I
C,A,H,S
A,R,I,I
M,U,S,A
G,K,I,S
E,A,C,P,U
Q,R,R
J,H,Y
E,B,I,X
H,R,T,X
O,P,R,X
N,E,X,T
L,O,T,Z
P,T,R,S
H,N,G,R
L,F,E,D
F,G,B
H,D,S
N,X,S,T
O,N,O,N
M,S,G,E
I,C,C,H
C,P,S,I
C,R
W,H,F
G,L,S,L,E
K,S,P,N
L,Q,D,A
S,C,P,L
M,I,Y
I,T,T
M,Q,T
J,K,H,Y
T,X
P,P,O
F,T,I,I
E,N,B,L
B,L,V,D,U
C,X,E
B,T,H
Q,D
P,L,N,R
C,I,F,C
C,W,A,N
N,I,R
B,G,C,P
A,L,E,I,E
D,R,A,Y,U
O,C
C,A,L,M
E,T,V
R,N,A,Z
D,R,D
S,P,X,C
P,H,T,N
B,L,U,D
K,N
U,P,C
G,M,R,E
B,C,G,F
L,I,C,N
M,O,L,N
I,B,T,X
N,L
P,A,Y,A
G,R,N,T
T,G,T,X
S,T,K,S
V,N,T,R
T,A,R,S
M,A,S,C
R,C,M,T
A,M,B,X
C,W,K
D,G,I,I
M,C,O,X
M,C,Y
M,S,C,C
I,M,P,P
C,F,L
N,S,Y,S
C,O,N,X,U
C,F,S,I
T,E,T,E,U
E,P,A,Y
L,D,H,A,U
P,W,U,P,U
H,U,Y,A
Z,I,G,O
B,C,G,I
C,Y,S,V
B,B,B,Y
S,H,Q,A,U
E,L,A,B
M,C,S,I,Q
P,A,A,S
C,W,A,Y
O,H,A,A
S,E,G,R
P,Z,C
M,H,F
W,L,K,P
S,P,N,T
X,O,S
C,D,A,Y
B,W,T,R,U
D,R,A,I
R,N,E,R,U
S,O,B,R
G,R,B
P,E,B,O
S,V,F,D
C,A,T,O
B,C,R,X
Z,I,L,G
E,T,D
P,D
O,R,M,P
L,M,A,O,U
P,P,D
I,G,M,S
P,S,A,C,U
P,S,B,I
G,O,S,H,A
L,E,G,O,U
L,I,V,B,U
G,L,X,W
F,S
T,R,K
I,P,L
G,F
H,E,S,M
L,U
M,M,V
N,E,T,S
R,I,B,T
K,P,R,X
M,J,C,O
B,K,M,U
L,T,R,P,A
V,F,F
F,N,D,R
P,L,P,M
E,S,T,C
H,G,R,D
M,D,M,D
A,T,H,X
O,V,T,I
R,A,N,K,Y
T,R,V
H,Y,G,O
F,B,R,T
J,E,L,D
N,U,W
C,C,X,I
M,I,S,T
C,M,T,L
A,I,T
L,T,V,A,U
R,D,H,L
A,D,V
E,S,L,T
M,O,N,T
M,N,R,K
P,T,H,N
B,C,Y,P,U
J,A,C,A,U
P,A,C,L,U
P,P,L
G,T,P,B
H,Q,L
A,C,B,A
F,I,I,I,U
I,M,T,X
C,G,E,N
K,O,P,L,Y
P,A,C,X
A,C,M
G,I,F,I
T,M,P,O
C,N,C,X
O,S,G
A,T,B,C
A,S,Z
S,B,O,W
S,L,V,R,U
F,H,R
G,I,S
U,R,I
C,W,C,O
H,O,G
N,N,O,X
A,P,X,I,U
E,C
G,I,B,G
F,W,R,G
S,I,P,X
O,M
S,M,F,G
P,S,X,P
K,I,N,S
I,I,I
A,G,C,B
P,E,N,G
C,H,F,N
F,R,G,E
N,U,V,B
N,S,D,A
C,G,O
T,G,A,N
S,A,V,A
X,L,S
A,P,X,B
K,L,O,X
M,C,R,N
O,L,E,D
F,T,S
S,O,N
E,T,F,C
C,C,L
D,P,L,O
G,M,G,I
M,C,G,C
T,I,G,O
H,O,U,R
R,I,V,N
C,L,B,H
F,U,R,X
C,V,G,W
T,F,D,I
F,O,R,A
T,N,K
K,P,A
P,T,L,O
B,P,O
R,L,H
M,U,F,G
M,A,R,S,B
M,Q,Y
G,C,T
P,W,O,D
A,T,V,I
A,O,N
S,H,O,O
P,R,U
R,T,L,X
M,C,K,C
S,I,G
H,O,E,N
A,A,B,C
E,V,T,V
N,E,T,C
I,T,A,Q
C,O,C
H,C,M,A
O,N,F,C
S,R,V,Y
S,B,S,W
P,L,D
V,R,N,A
C,A,V,B
P,N,N
M,C,R,I
F,N,E,T
P,E,N
W,M,P,N
S,V,O,K,U
F,F,E,X
L,A,M,R
V,A,T,E
I,N,T
V,G,C,O
M,N,T,A
S,R,X
H,O,L,I
F,C,T
C,N,F
E,M,C,F
F,A,T,E
B,E,T,R
B,I,V,N
R,D,I
S,G,L,Y
L,N,K,B
B,O,C
C,G,F,W
S,E,G,U
C,E,L,C
R,M,G,N
S,A,I,I,U
N,F,L,X
Y,S,W,Y
N,E,B,U,U
B,C,W
C,U,L,S
B,B,B,B
T,I,X,T
E,C,L,G
L,Q,D,T
S,O,S
A,R
Y,S,G
A,L,T,R
G,O,T,U
M,V,N,R
T,E,S,S
L,O,C,O
J,P,M
F,C,N
Y,C,C
E,D,U
P,X,L,W
E,T,Z,L,F
J,X,S,B
V,T,E,X
E,L,B,O
S,H,S
H,O,R,C
N,F,B
A,L,O,R
A,R,P,T
B,L,S,C
H,H,R,S
L,N,M
Y,D,K,N
M,T,R
R,I,B,X
S,A
C,K
A,L,L,T
T,R,C,B
P,L,U,R
G,L,M
U,B,P
D,T,S,T
R,R,B,I
R,M,I
G,M,A,B
O,N,D,K
C,T,S,O
E,D,T,K
E,P,C
J,O,S,B
F,H,L,T
U,G,P
E,V,L,O
S,L,N,O
F,O,F
C,O
A,R,W
N,B,I,X
U,B,M,T
N,X,R
O,N,T,O
F,T,A,I
W,I,F,I
L,D,H,A
N,G,H
R,E,V,B
D,J,C,O
P,V,N
R,D,N,T
S,C,N,B
H,E,L,E
A,L,K
E,N,S,B
C,P,T,X
C,L,B,R
K,M,G
N,K,E
E,S,S,C,U
C,G,N,T
M,U,X
G,H
D,O,C,N
A,T,M,V,U
C,W,H
C,R,X,A
L,C,A,H,U
A,U,T,H
S,O,D,R
F,A,T,B
F,L,X,S
P,X,M,D
G,B,C,B
S,H,F
A,I,P,C
R,X,S,D
A,R,C,H
C,N,M,D
A,M,S,T
P,H,M
H,E
L,I,T,B
A,Y,R,O
N,E,W,A
K,L
W,T,W
P,M,T,S
A,R,O,W
M,H,K
Z,C,M,D
N,S,T,G
M,A,A,C,U
M,V
A,B,C,M
W,I,T,S
S,J,I,U
K,V,H,I
C,D,I,O
G,M,S,T
P,O,R,T
L,A,Y,N
A,C,A,X
P,B,A
C,L,R,C
L,I,C,Y
S,T,B
R,Z,L,T
B,I,L,I
G,C,T,K
M,M,D
W,T,S
B,F,B,C
C,L,A,Y,U
S,U,B,I
U,S,X
I,N,V,N
W,C,N
M,L,A,C
N,R,D,S
T,H,A,C,U
H,I,B,B
A,L,O,N
C,L
P,A,X
K,A,N,G
C,O,V
F,R,G,O
P,R,O
A,P,D,N
S,Y,D
A,M,B,R
K,V,I,K,A
N,P,V
A,D,V,M
B,R,W
G,L,B,C
R,S,B,I
P,C,L,E
B,R,X
C,V,B,G
E,X,P,C,U
C,I,N
G,E,N,B,A
A,T,M,C
S,Q,S,P
E,A,R
I,M,U,X
S,M,L,P
C,X,A,C
O,Y,S,T
R,N,D,Y
W,D,H,D
S,N,D,A
G,P,M,T
B,P,F,H
M,E,E
T,L,A,B
N,R,B,O
N,C,A,C
B,K,N
I,V,C,A,U
N,E,P,F
H,M,C,O
H,H,R
S,W,V,L
C,Z,O,O
E,S,S,A
N,E,P,H
P,S
T,U,D,O
I,I,I,M
A,R,R
D,C,R,C,U
P,T,L,A
U,V,N
P,N,G,X,Q
D,T,M
G,N,F,T
G,L,F,D
N,C,P,L
G,Z,E,A
M,Y,P,S
D,D
C,M,P,P
B,R,C,M
D,W,S,N
M,O,B,V,U
D,K,S
S,F,L
D,T,S,S
I,X,Y,S
H,L,M,N
A,Q,L,A
A,T,H,L
C,H,R,T
C,L,R,M,U
A,Q,U
P,N,T,E
Z,H,G,I,I,X
A,A,D,I
A,M,L,N
H,I,G,A
A,C
N,V,L,D
C,H,T,P
U,P,I
S,I,E,R
S,S,N,I
S,W,B,D
D,T,R,T
F,L,M,K
G,M
G,M,E
I,R,C,P
O,D,V
A,D,V,G
A,D,C
U,T,M,E
W,I,I
S,Q,S,T
W,A,A,S
T,C,O,A
S,P,G
G,T,L,B
E,D,S,N
L,D,M,K
U,N,S,D
H,S,T,O
M,I,R
Q,D,E,L
J,P,E,P
V,L,T,R
M,G
A,R,J
L,F
G,G,A,A,U
W,F,C,F
R,V,E,N
W,E,B,R
S,O,N,Y
D,U,O
L,H,C,G
K,E,X
G,L,B,S
P,L,R,E
P,C,S,B
D,A,L
K,N,D,I
P,E,N,X
B,J,I,C,A
B,R,L,I
W,E,C
M,D,G,L
D,W,R,E
S,R,I
O,F,I,X
M,F,B,C
E,N,G,L
A,N,A,T
E,T,S,Y
N,N,B,R
K,R,O,N
K,D
R,D,E,A
F,F,H,H
B,O,W,L
S,N,D,V
N,V,E,C
P,A,Y,C
W,B
D,U,N,E
P,P,C
G,F,O,R
C,B,R,E
A,R,T,X
R,U,T,H
N,M,T,X
O,X,E,A
R,T,C
W,Y,P,T
A,P,R,N
R,R,A,C
C,A,S,C
P,I,X,R
I,V,D,A
I,S,C,A
C,S,C,O
D,B,D,R,U
M,P,S,X
P,A,C,K
C,V,T,S
T,R,C,I
M,D,S,O
T,R,M,B
R,W,A,Y
H,R,H
C,R,W,D
A,T,A,K,U
E,M,R
F,N,C,E
U,L,H
A,U,L,R,X
L,U,X,A
A,X,A,R
T,D,O,C
A,J,X
T,P,P
S,Q,N,M
U,L
F,C,P,T
Q,D,H,C
A,T,W
T,L,Y,S
S,U,Z
R,I,G,L
B,B,L,N
P,M,O,R
A,L,T,G
C,M,L,F,U
V,E,T
O,C,N,F
L,I,Z,I
Q,R,E
A,M,L,I
H,R,B,N
P,M,M
U,A
R,I,C
A,D,U,S
A,B,V,T
S,M,L,R
S,W,S,S
L,G,V,N
V,O,Y,N
L,I,B,Y,U
O,L,M,A
H,G,T,Y
H,T,S,I
T,C,O,N
T,R,I,N
F,N,L,C
L,S,X,M,A
Z,E,T,A
B,C,S
C,G,R,N
C,A,K,E
T,P,C,G
V,Y,F,C
C,I,F
N,E,B,C,U
D,U,O,L
V,A,R
A,A
P,V,F,C
S,K,T
S,A,E,S,Y
B,O,O,M
B,B,N,D
H,D,I,X
P,T,P,I
L,A,N,C
T,C,P,C
S,V,R
B,E,A,V
C,I,S,N
D,C,R,E,U
C,C,A,P
U,N,I,T
R,C,K,T
M,A,C,A
H,Y,F,M
S,X,I
N,O,V,S,U
S,E,H
A,P,T,I
E,V,C,M
E,V,A
H,E,P
B,K,S,T
D,K,N,G
S,L,F,C
C,A,R,T
F,S,L,A
A,T,T,O
D,T,L,K
R,H,B
F,O,X,A
C,T,F,O
F,T,A,A,U
N,F,I,N,U
P,A,N,L
K,C,G
M,E,R,X
P,L,K,I
A,G,N,Y,2,0
V,I,R
T,C,N,J
Q,S,F,T
C,Y,N,I
T,I,R,X
D,H,I,L
G,O,E,V
O,P,B,K
D,F,S
D,S,W,L
F,R,G,I
C,C,V
S,P,E,L
M,G,R,X
P,R,A,I
D,B,I
C,O,N,R
E,H,T
J,S,T,N
C,T,V
I,T,V,U
G,G,M
C,T,A,Q
L,Y,N,K,U
B,T,R,U
F,I,S,I
B,B,S,I
F,L,F,V
B,R,Q,S
L,C,A,A,U
I,C,C,I
D,C,I
D,X
P,V,L
A,L,Z,H
N,V,C,R
A,Y,E
M,O,C,C
J,E,M,D
R,U,N
B,S,V,N
I,M,A,N
R,E,F,I
O,C,U,P
B,M,A,Q,U
C,A,C,C
W,S,B
M,C,D
N,V,B
F,S,P,T
I,N,N
E,V,O,P
E,D,G
K,L,T,R
A,T,W,O,U
C,P,X,X
E,G,C
N,A,Z
M,C,T,R
P,S,D
B,L,D,P
M,S,L,I
L,U,M,I
S,P,K,B,U
C,S,T,A
S,N,X
P,M,I,C
L,A,D,R
J,P,S,P
W,H,R,T
E,D,G,W
V,A,Q,B
P,L,U,M
M,C,A,E,U
L,F,G
R,G,O
T,O,Y
V,S,A,C
D,R,I,O
L,K,M
S,G,R,P
A,B,N,B
Z,I,P
F,B,R,X
A,T,S,N
T,K,T,X
D,M,A,Q
H,I,B,N,Y
D,P,M
C,R,D,O
L,E
A,N,D,B
D,I,S,C,K
F,T,D,R
Z,A,R,E,S,X
H,O,N
C,N,X,M
R,D,T,X,U
C,P,T,K
C,L,A,A
P,R,I,A
B,B,Y
A,T,L,C
A,R,B,X
M,C,O,M
Z,M,X
M,A,C,U,U
E,I,S,I
M,H,N
V,T,R,U
S,L,M
R,I,C,X
A,Z,N
S,A,L
F,L,Y,A
A,D,A,G
C,P,S
A,P,W,C
F,O,A
M,E,L,I
M,D,C,I
P,A,C,Q
S,E,P,R
I,N,K,A,U
L,F,M,D
E,A,C
C,A,M
D,V,N
V,I,V,K
M,C,L,D
L,V,A,C
G,D,Y,S
W,I,L,C
F,D,S
M,S,B,F
G,L,S,P,U
A,M,H,C,U
H,L,N
W,F,B,C
I,P,G,P
C,D,F
R,N,A,I
D,D,I,M
B,A,T,R,K
P,G,R,E
G,N,C,M,A
F,L,A,C,U
E,V,G,N
R,S,F,C
L,E,I,X
C,P,R,T
P,X
R,E,E
S,R,N,G,U
S,T,E,R
H,B,E,K
C,E,N,Q,U
H,C,A,P
A,C,A,C,U
B,R,E,L
S,O,H,O
E,N,E,R
N,E,O,S
M,O,S
S,A,S,R
P,A,G,S
A,S,N,D
E,S,T,E
T,M,N,L,3,0
M,W,V
C,X,G
A,D,E,R
V,E,D,U
E,V,O,J
T,B,L
M,S,B,I
S,H,G
U,B,S,C
F,U,T,U
V,A,P,O
C,P,R,I
J,B,H,T
A,P,E,N
L,I,H,R
J,A,M,F
X,T,O
S,V,F,B
R,A,G,S
K,B,L,M,U
B,P,L
W,A,V,C
P,A,N,D
K,N,D,L
C,I,R
F,I,C,V
H,C,R,X
C,F,A,C,U
A,U,P,H
V,X,R,T
B,R,E,Z,U
C,O,H,T
U,S,I,O
A,X,R
I,V,C,P
W,N,S
E,D,R,Y
T,W,O
L,B,A,I
E,V,R,I
A,L
B,L,B,D
N,W,L
A,E,Z,S
W,A,S,H
U,M,G
O,N,B
S,E,P
N,P,D
F,V,R,R
A,T,A
D,N,C,R
N,V,E,T
M,E
N,T,Z
B,H,A,G
A,P,I,C
S,U,P,V
S,B,E,A,U
X,F,O,R
J
G,E,H,I
G,F,N
F,T,I,I,U
S,R,Z
F,T,H,R
C,W,N
L,E,V
S,T,L
X,M,T,R
S,T,D,Y
C,M,N,D
C,B,S,T
A,T,R,A
F,U,L
S,T,A,Y
J,Q,C
H,Y,L,N
N,C,A
A,C,H,V
A,M,C,X
Z,M,T,X
M,T,V,C
J,N,S
P,V,H
S,O,L,Y
N,H,I
V,V,N,T
B,O,K,F
I,P,V,I
F,R,M,E
S,U,N,L
N,X,T,P
T,L,E,O
C,P,A,A,U
D,P
L,O,N,F
N,C,H
N,C,B,M
M,A,P,P
P,O,C,I
M,K,L
A,U,T,A,3,0
P,S,T,H
M,G,N,I
N,E,O,V
O,M,A,B
A,L,T,E
I,D,M,I
T,R,C,O
O,N,C,S
Y,M,A,B
I,Q,V
W,X,T
A,V,T,X
W,N,W
F,F,K,T
E,G,O
P,R,O,K
A,I
C,U,Z,L,2,0
S,E,I,C
C,R,E,S,Y
W,E,H,O
C,T,M,I
I,H,R,T
F,I,V,E
E,F,C
G,P,I
O,F,L,X
F,C,U,V
S,L,F
F,G,E,N
M,D,S,X
C,Y,D
F,O,R,K
G,L,S,P,T
A,R,G
B,H,R
C,H,A
A,S,P,C,U
M,V,F
T,B,I,O
A,S,A
T,X,I
A,T,V
I,L
B,O,T,J
A,C,I,W
A,I,A,C,U
B,I,R,D
V,N,O,M
N,W,T,N
C,Y,A,N
A,M,P
C,S,B,R
A,D,P,I
C,D,T,X
P,C,P
G,G,M,C,U
M,O,G,N
G,H,S,I
F,T,P,A
S,I,L,K
C,C,B,N
E,P,B
N,G,V,C
C,Z,F,C
G,L,Y,N
D,G
T,W,I,N
O,N,D,S
P,S,T,X
O,P,I
C,R,U
G,R,A,B
O,O,M,A
D,V,A
S,N,I
G,B,L,I
R,E,M,Y
L,R,E
B,S,K,Y
H,L
S,L,N,A
R,S,E
N,V,E,E
I,D,Y,N
D,N,K,N
E,R,I,F
D,C,P,H
T,T,C
R,S,P,P
C,L,C
D,S,S,I
V,L,T
D,B,R,G
A,S,M,L
B,Y,N,O
U,C,L
S,O,M,N
N,T,E,S
P,U,B,B
T,B,L,T
O,N,C,Y
T,N,E
T,W,T,C
S,Y,A
M,E,T,G
M,L,E,C
W,D,A,Y
C,T,S
P,F,S,L
S,D,A,C,U
L,A,L,A,1,0
B,D,S,X
O,T,I,X
O,P,X,T
Z,I,M,V
N,N,D,S
J,C,I
N,O,I,Z
F,P,H,C
A,R,A,Y
S,M,X
G,L,L,I
J,E,W,L
J,O,U,T
I,R,W,D
A,V,A,V
W,D,R
F,O,N,R
C,P,T
O,A,B,C
V,R,T
K,E,A
V,O,D
C,H,G,M,X
A,K,B,A
B,U,R,L
S,O,A
L,U,N,R
A,T,R,O
C,P,O,P
C,R,A,Y
A,S,S,T
R,T,N
G,U,R,E
A,I,G
F,M,F,C
A,U,B
T,E,L,A
T,S,V,T
H,S,C,S
M,N,T,N
P,C,A,P
Q,I,H,U
A,D,A,L
C,K,X,E
S,N,C,R
A,O,S,L
B,L,N,D
E,B,C
A,D,T,H
L,A,K,E
S,B,L,K
S,G,V,B
T,X,M,D
G,Y,I
C,H,S,I
M,X,P,T
N,W,N
G,U,I,D
E,F,I,I
P,M,T
G,W,L,A,Y
B,N,I,X,U
Z,E,A,L
A,D,N
K,Z,L
U,N,F,I
A,S,I,S
V,T,N,R
W,T,B,A
C,R,C,M
T,S,Q
M,P,W
L,S,A,C
S,U,M
C,T,R
R,K,T,A
W,M,G,I
H,U,R,N
S,R,R,A
P,E,P,L
C,A,C,Q
O,S,P
B,R,T,X
T,L,M,R
V,S,I
T,H,Q
A,M,P,G
M,G,T,X
H,I,R,E
L,M,N,X
F,M,X
S,U,N
D,M,T,X
N,O,W
W,S,P,T
T,R,W
S,M,S,I
Z,R,P,T,I,X
Y,O,T,A,U
M,S,B
F,E,R,G
H,C,A
U,G,I
K,O,D
N,K,L,A
T,D,M,X
M,Y,F,W
H,U,D,A
B,R,K,R
S,R,L
M,P,W,G
G,D,O,T
S,T,T,Z,F
G,N,L,N
A,D,I
C,O,M,S
Z,U
P,C,O,N
E,V,T,L
T,O,P,S
G,W,H
C,M,L,S
M,S,A,C,U
S,U,M,R
C,P,U
A,G,I,O
K,L,L,M
C,P,C,L
Q,T,E,K
R,E,N,T
O,E,C
E,T,O,N
B,G,B
P,R,X,L
A,R,I,S
C,N,G,L,U
G,G,G
S,F,N,9,1,0
A,N,G,I
V,L,D
G,L,B,K
H,Y,Z,N
D,L,T,H
C,B,R,G,U
M,L,A,I
P,R,O,J
M,R,C,I,Y
G,L,G,X
I,L,S,E
S,A,N,W
I,B,A
A,R,V,N
I,M,M,U
T,G,V,C,U
A,F,B,K
D,Z,A
K,U,R,A
B,Y,M
S,K,I,L
C,C,B,I
F,M,I,V
W,C,A,A
W,E,Y,S
N,A,T
S,H,A,W
V,C,X,A
L,B,T,Y,K
M,S,S,N
G,T,K
A,T,O
S,K,W,D
A,M,E,H
E,N,T,U
S,Y,P,R
O,M,P,T
F,R,A,F
I,F,C,J
A,E,G,N
S
S,V,V
A,L,T,P,U
B,E,E,R
R,W,D,T
C,S,T,M
B,E,X,P
M,E,C
Z,U,R,A
Z,A,R,E,I,X
A,N,S,L
P,M,I,X
C,M,P,X
I,I,D
O,E,P,W,U
H,C,A,T
G,A,B
I,G,T,A,U
M,B,R,G
D,N,E,T
E,V,O,J,U
A,Z
C,M,C,S,A
B,P,T,H
V,I,R,T
A,F,O,P
Q,R,T,E,B
C,H,R,W
P,S,P,C
M,I,T,A,U
P,A,R
B,G,S
E,V,O,K
J,M,I,A
L,M,N,R
E,Q,T
G,T,M
S,E,R,A
A,F,B
P,A,S,G
F,A,C,A
U,N,C,Y
L,E,O
L,E,X,E,A
C,V,R,R
A,F,B,I
I,T,C,I
G,O,A,L
N,V,A,L
G,W,A,C,U
K,N,S,W
A,K,L,I
A,C,T,T,U
F,N
A,U,S
O,G,I
V,T,I,Q
K,A,T,E
U,N,B
F,F,W,M
R,C,A,T
N,I,D
S,W,R,G
H,L,Y,W
R,G,G
J,B,S,S
G,A,S
A,H,R,N,U
B,R,D,R
A,P,T,S
P,F,I,E
A,F,C,G
P,A,S
Q,T,R,X
C,B,R,L
H,B,O,S
G,G,A,C,U
A,P,L,T
Z,A,I,S
E,R,E,S,U
N,V,A,X
Z,G,E,A,I,X
V,E,V
G,S,K
M,N,D,T
M,U,I
A,G,R,I
U,N,T,D
G,A,T,E
C,A,S,M
S,I,E,B
S,M,A
K,L,I,C
L,E,E
D,S,E,Y
G,G,B
J,C,G
A,M,S,C
H,I
E,P,A,C
P,P,G
K,F,Y
M,P,P,B,X
P,E,E,T
C,A,C,B
C,I,M
J,M,I
A,L,L,Y
R,F,L
P,B,H,C
S,T,M,L
C,F,F,E,U
N,U,V,A
T,R,A
T,E,S,O
F,X,C,O
J,M,E,I
C,C,B,S
V,C,R,A
C,W,E,N
P,M,S,I
S,N,F,C,A
T,W,G,P
T,B,B,K
A,M,N
R,C,H,Y
R,E,B,N
F,E,O
P,A,L,T
H,G,V
P,C,X
I,L,M,N
C,B,N,J
M,N,T,S
E,G,L
K,T
G,R,R,R
S,S,N,T
F,S,B
T,A
S,T,R,D
S,L,C,A
L,I,V,K,U
M,O,G,U
E,N,P
N,T,S,T
M,O,T,S
V,C,A,I
P,A,N,W
G,O,O,S
A,P,L,M
A,M,P,H
M,D,L,K
T,R,Z
F,O,X,X
O,R,C,I
S,P,B
S,P
M,R,A,M
Z,N,G,A
N,S,T,A
C,A,B
A,S,L,E
S,E,E,C
T,R,M,D
A,D,E,S
I,M,M,X
F,T,S,P
D,M,L,P
A,T,B
A,N,E,B
S,P,N,S
P,R,M,W
T,T
M,A,F,B
F,G,M,C,U
N,M,T,C
A,X,N,T
T,E,R
T,R,M,K
T,G,L,S
I,C,G
C,E,A,C,U
A,F,M,D
E,U,D,A
X,O,X,O
U,D,R,L
D,M,I,F
B,C,X
H,W,E,L
C,C,H,I,A
W,D,F,C
V,F,C
I,N,N,V
D,S,G,R
F,F,B,C
A,R,B,G,U
C,C,N,E
F,F,L,C
B,R,F,H
S,O,C,B
V,L,O,N
H,X,N
N,X,G,L
K,R,Y,S
A,R,T
A,F,H,G,Y
O,T,T,R
E,U,C,R,U
S,N,C,Y
J,S,T
I,N,A,Q
D,H,B,C
A,E,Y,E
C,L,I,N
L,E,C,O
O,D,S,Y
G,A,M,C
R,E,X,I
C,R,I,X
F,L,O
B,J,D,X
O,M,P
C,L,D,A
T,A,C,A
P,C,C,T
S,G,H,L,U
H,A,S,T
S,G,N,T
O,K,T,A
M,B,F,I
A,E,Y
L,I,F,W
M,D,W,D
E,W,B,C
C,M,S
S,A,B,S
T,O,M,Z
E,A,T
A,N,S,I
A,R,L,O
I,D,B,E
P,A,T,K
H,R,B,C
S,U,G
G,A,C,Q,U
L,O,C,K
C,A,S,S
A,T,E,N
S,H,P
J,D,A,S
R,T,L
N,G,T,C
U,P,R
G,W,I,I
W,K
C,C,C,S
S,N,A,P
F,F,N,W
N,X,G,N
N,A,L
S,L,G,G
N,E,W,Z
K,C,G,I
T,B,R,G,U
A,A,N,B
G,L,A,D
H,I,T,K
C,G,N,X
Z,E,N,V
A,I,F
M,W,R,X
L,Z,I,U,1,0
Q,T,S
C,F,M,T
V,Y,N,E
Z,I,P,T,M,X
K,T,R,A
S,I,L,O
D,A,V,E
L,A,A,A,U
P,S,P,H
G,R,R,F
O,N,Y,X,U
O,P,H,C
N,M,I,H
G,C,A,C,U
P,P,T,A
A,N,T,X
O,L,P
M,B,F,C
E,L,R,C
P,P,S
F,E,I,M
L,I,T,T
I,G,O,C
C,D,W
M,Y,T,E
X,T,N,D
U,P,C,S
P,V,G
C,L,E
C,E,L,H
Z,G,E,A,A,X
V,H,S
C,R,Z,N,U
S,N,Y
V,R,N,M
E,O,P,N
V,A,B,K
Y,G,M,Z
E,Q,N,R
A,C,L,L
O,A,K,T
N,P,C,I
C,C,H,E
S,W,T,X
P,O,L,Y
O,S,C,R
P,W,F,L
S,R,S,A,U
G,W,R,S
C,C,B
S,N,T
F,S,S
E,G,T
P,E,G,R
M,R,D
Y,O,U
P,I,K
H,G,S,I
F,I,C,C
I,C,X,T
H,M,A,C,U
I,M,M,P
M,V,K
G,C,V
V,A,N,S
T,I,P,T
L,Q,I
U,R,G,I
S,L,N,H
C,S,G,S
L,O,O,K
E,Y,E,N
C,C,B,L
P,R,S,R
G,S,I,T
G,P,I,C
S,A,U,C
V,X,I
C,E,L,G
C,H,E,V
A,T,L,O
P,T,V,C,B
I,A,C,C
C,H,G,G
M,A,M,S
Q,O,M,O
O,P,B
I,K,N
H,A,E
D,D,O,C
G,G,G,V
G,M,C,R
T,P,B
E,F,X,T
A,B,C,W
J,F,I,N
K,I,T,T
C,U,R,O
H,L,I
A,V,N,T
F,E,I,C
P,B,S,C
T,H,R,X
E,P,W,R
M,S,P,D
S,W,E,T
G,D,V,W,U
N,X,E,O
B,V,A
C,O,O
M,I,T,Y
T,R,L,G
D,C,B,O
N,X,T,C
S,M,P,S
G,S,R,M,U
M,T,S,I
T,E,N,K,U
O,C,A,X
F,B,A,Y
N,K,X
D,L
S,F,B,S
M,H,L
D,H,R
U,S,W,S
U,B,S
F,E,I
M,R,I,N
P,H,S,B
P,F,O
A,A,C,C
S,J,N,B
I,N,B,S
P,L,U,G
A,M,E,V
P,R,Q,R
G,N,O,G
W,F,R,A,F
T,L,N
T,C,B,X
C,E,I,X
K,C,P
D,H,F
S,R
D,B,L
I,M,R,N
T,B,R,A,1,0
M,B,T
H,I,F,R
P,E,C,S
S,K,G,R,U
S,T,L,W
T,C,V,A
H,O,M,B
P,D,O,T
K,W,R
L,Y,T
V,G
R,D,W
O,A
B,L,D
N,T,G,R
P,U,Y,I
P,G,N,S
A,E,H
H,P,P
F,I,X
M,A,K,R
L,N,Z,A
A,R,Q,Q
D,H,B,C,U
C,H,N
S,C,A,Q
A,R,E,C
P,C,T
F,M,E,R
R,N,H,D,A
E,E,I
R,V,S,B
U,B
S,C,U,A
N,A,B,L
A,P,C,V,Z
B,A,R,E
O,L,L,I
J,A,N,X
B,D,N
S,T,N,R
R,E,B,C
L,F,M,N
M,P,A,C,U
B,O,S,C
S,B,X
O,A,K,F
L,N,C,E
A,N,Y
D,S,L
R,M,L
K,R,P
A,I,R
R,B,B,N
B,R,A,G
M,F,B
E,N,E,X
G,H,I,X
R,M,D
C,E,G,E
L,F,T,R
Y,T,E,N
H,C,P
P,T,Z
J,A,K,K
T,R,G,P
T,E,C,D
R,O,P
S,L,S
O,S,K
D,F,R,G
G,P,R,K
I,S,S,C
T,S,R,O
S,X,C
S,B,M,C
G,S,Q,B
G,R,C
L,G,T,Y
T,I,M,B
P,V,T,L
S,H,A,P
M,T,E,M
S,C,B,L
A,K,A,N
H,M,A,C
L,J,A,Q,U
C,C,F,I
T,F,I,N
M,O,L,C
L,T,C
A,R,D,C
A,O,U,T
P,Y,N
A,C,S,T
K,E,T,A,U
S,C,O,R
L,E,D,R
B,O,C,N
G,A,L,T
S,O,N,D
S,Q,I
A,I,Z
E,Q
I,R,C
A,E,A,C
D,I,S,A
D,U,C
U,S,B
E,O,L,S
M,E,D,W
F,A,T,B,B
B,O,R
R,B,M,G
P,C,N
C,E,M,Y,5,0
A,B,N,J
N,O,T,E
A,A,C,Q,U
A,T,E,R
E,S,M
F,D,M,L
C,F,F,C
O,V
S,S,B
A,L,R,N
B,Y,T,S
A,N,G,H
S,O
G,H,L,D
B,E,E,M
E,H,T,H
P,O,G,O
I,M,K,T,A
P,L,M,T
R,L,M,D
C,Q
F,F,O,H
S,S,L,I
M,P,L,N
B,A,R,R
M,R,T
C,P,A,H
G,L,N,G
O,S,H
R,B,I
I,N,B,X
K,S,W,S
B,T,T,X
P,H,S,T
D,H,X
N,O,E,M,U
G,S,M
E,T,S
E,V,A,C
H,S,D
M,D,T,H
M,S,C,S
G,V,A
O,P,Y
M,F,I
C,R,E,L
O,U,S,T
I,F,I,N
F,A,M,I
E,V,S,D
P,R,T,A
H,T,G,C
M,M,A,T
B,U,S,E
R,C,E,L
C,N,K
M,G,S
F,D,E,U
R,U,E
R,E,V,H
F,I,A,C,U
C,T,B,C
A,M,B,C
V,E,R,U
C,V,X
S,C,A,N
A,P,I
X,P,E,V
H,L,V,X
N,G,C
P,T,O,N
A,I,B,B,U
P,P,Y,A
N,T,G
P,P,Y,A,U
A,T,C,X
S,E,N,E,B
E,G,L,X
M,G,Y
V,N,W,K
P,H,Y,X
S,T,K
E,K,S,O
E,P,E,N
A,R,Q,T
Y,O,S,H
M,T,L,G
K,E,Y,N
W,T,B,K
T,S,P
P,T,W,O,U
G,T
F,I,Z,Z
Q,C,R,H
E,B,A,C,U
O,P,X,S
S,P,C,B
H,A,I,N
T,S,B,S
P,R,A,A
D,E,C,K
C,H,R,K
K,T,O,S
A,M,T,G
M,I,D,D
G,R,W,G
C,H,Y
A,B,V,A
D,S,E
V,E,D,L
A,L,C,O
O,C,U,L
M,X,W,L
S,T,T,K
V,E,N,A,U
B,E,R,Y
V,U,S,O,U
F,R,B,N
H,M,L,P
V,A,R,I
O,F,C
N,X,N
B,A,L,Y
R,X,R,A
T,W,C,T,U
R,S,N,T
E,X,G
S,E,N,E,A
T,C,P,G,U
O,O
A,B,O,S
S,O,T,K
G,N,S,S
I,C,E
U,B,F,O
L,B,R,D,K
E,E,X
T,R,N
W,A,V,T
M,Y,O,G
G,M,S
P,T,I,X
A,R,I,Z
U,N,B,J
P,H,A,T
C,O,B,K
A,B,M
T,H,X
B,N,T,C
N,A,V
W,C,G,C
K,O,S,S
P,E,G,R,U
P,E,P,L,U
S,N,B,R
V,I,G,L
S,C,L
A,X,L,A
C,G,T,X
N,E,P,G
T,T,E,S
C,L,M,B
L,U,C,D
P,O,M
V,S,C,P
G,B,R,G
P,H,U,N
S,X,T,C
E,S,P,R
F,C,E,C
T,U,R,N
K,O,M,G
B,Q
F,R,Z,A
L,V,W,R
S,B
M,N,D,Y
B,O,D,Y
S,W,Y
T,R,D,O
M,O,V
A,A,N
B,L,R,X
A,M,E
H,W,B,K
C,R,R,R
G,F,S,I
T,G,N,A
P,E,P,G
K,V,S,C
P,R,A,H
U,B,A
P,R,F,T
C,N,S,P
P,K,I
O,N,X,S
E,D,B,L
O,T,R,A,U
C,E,T,X
D,K
C,T,M,X
K,R,U,S
C,P,B
D,N,B,K
C,A,I,O,Y
R,B,A,K
P,C,S,A
M,X,I,M
C,V,A,C
M,Z,O,R
P,E,V
A,M,P,X
P,P,B,T
S,T,R,T
M,Y,F
O,A,O,T
C,O,E,P
P,G,R,U
F,F,B,Z
E,A
G,I,G,G,U
L,D,R,H
S,B,A,N
P,H,C,C
A,C,X,P
I,B,N
T,S,R,E
G,A,C,Q
A,N,A,C
G,L,Y,T
O,U,T,L
C,R,G,Y
T,L,F
S,S,D
K,U,T,V
N,K,I,D
A,P,X,I
J,I,L,L
M,E,I
C,O,R,L
G,A,S,I,A
P,R,E,M
C,E,T,V
S,B,O
A,U,V,I
N,T,S,P
G,O,B,I
C,O,O,L
S,C,X
T,P,T,X
H,A,N
T,M,K,R,U
S,L,V,R
S,Y,K,E
G,S,L,A
Z,D,Z
G,L,I,B,A
O,H,P
F,S,K,R
N,C,P,M
D,R,T,K
H,B,M,D
B,O,C,N,U
G,U
S,W,G,C,U
E,U,C,R
S,T,E,M
P,U,B,M
S,B,P
R,A,P,T
P,A,Y
P,D,G
C,D,R,O
C,Y,N,A
B,N,R
B,O,E
L,C,U,T
M,Y,E
G,R,I,L
M,Y
I,L,O,G
A,L,A,C
S,T,E,T
C,O,M,R
D,R,M,T
E,B,N,X
A,M,G
M,Y,I
E,G,B,N
C,P,R,X
G,N,S,C
T,E,K,C,U
S,G,B,K
S,W,B,S
I,S,I,G
A,T,A,I
T,F,M
G,R,I,N
O,M,G,A
I,T,M,N
E,B,A,Y
K,N,S,A
A,Q,U,N,U
G,E,N,E
D,E,S,R
T,R,E,X
D,U,N,E,U
C,E,V,A
C,A,R,E
S,T,L,D
M,Z,X,Y,1,0
C,I,I,G,U
V,T,A,Q,U
L,P,X
S,O,S,S
I,Y,C,O,Y
C,R,B,P
A,R,M,H
A,L,B,O
P,S,R,C
L,G,N,D
G,E,R,N
F,I,P
D,M,S
A,M,P,B
R,A,M,P
C,C,R
A,E,G
W,A,V,E
T,I,T,N
C,T,X,R
A,J,R,D
A,S,P,N
S,R,G,A
T,M,S,T
J,F,R
T,Y,P,E
P,O,W,L
H,B,C,P
C,T,A,S
S,E,W,Y
C,H,E,A,U
O,D,C
B,H,B,K
A,D,E,P
F,L,A
B,S,B,R
J,U,G,G,U
T,H,M,B,U
L,F,C,R
I,N,S,U,U
C,F,S,G
A,E,H,A,U
P,F,S,W
B,S,G,M
V,I,R,X
A,R,C,C
S,L,A,C
C,N,B,T
E,X,R
N,S,K
L,P,S,B
T,C,F,C
O,I
L,S,D,I
D,D,C
B,I,A,F
E,M
M,E,O,A,U
N,K,T,X
C,O,R
F,L,I,R
I,X,A,Q
A,S,A,N
O,C,L,I
G,O,U
M,T,C
X,F,L,T
M,M,B,I
E,U,S,G,U
R,O,G
R,Z,T
C,Y,T,K
V,B,F,C
O,P,N,T
N,E,B
U,F,P,T
M,B,T,C
S,L,R,X
A,X,T,A
A,G,Y,S
O,L,B,K
V,U,Z,I
B,C,S,A,U
X,L,T,C
M,B,R,X
N,M,R,X
R,B,P,A,A
A,Q,N
E,T,O
C,H,Y,R
C,N,V,Y
A,V,E,O
T,F,I,I
C,R,D,N
W,F,G
A,K,I,C
M,R,T,N
C,C,T,S
H,Z,W,V
V,H,C
O,L,K
H,E,X,O
I,N,M,D
S,O,I
C,E,R,T
G,L,O,P
C,S,Q
F,L,L,C,U
F,B,I,O
T,R,T,L
C,E,T,Y
P,B,R
H,O,T,H
R,X,R,A,U
N,L,S
K,R,B
V,M,E,D
R,E,Y
C,R,V,S
V,C,B,I
N,L,S,N
P,F,M,T
R,A,L,Y
B,K,Y,I
S,M,P
F,T,V
T,R,I,V
S,N,V
K,E,F
E,F,J,I
B,D,B,D
E,A,S
B,C,A,N
G,D,S
C,L,M,T
A,M,G,N
N,C,F
M,M,D,M
P,C,O,L
G,N,B,C
M,F,S,F
S,C,H,W
T,N,N,Y
L,G,T,O,U
S,T,R,E
V,E,R,O
D,T,R,T,U
S,X,T
V,N,D,A
V,I,R,I
E,F,N,T
B,K,U
S,T,O,K
G,R,N,A
C,H,T,R
B,I,G,C
H,U,T
E,L,M,G
N,B,N
Z,V,X,I
M,A,Y,S
C,N,E
T,S,L,X
S,C
V,C,X,B
C,E,R,G
A,T,L,A,U
P,L,L
D,N,B
C,N,Q,R
D,G,X
K,E
A,I,P
C,O,P,E
B,R,P
R,M,C,F
O,I,C,O
C,F,B,K
I,T,L,N
B,R,O,S
A,R,R,S
P,U,L,M
A,L,D,R
C,C,R,D
I,V,C,A
I,H,S
F,N,A
B,C,I,P,5,0
F,U,S,N
N,A,T,I
T,X,R,H
P,S,O
A,I,O
A,T,H,M
P,R,S,S
T,V
N,V,N,O
A,S,H
I,N,G,R
S,U,R,F
K,S,I,C,U
I,S,A,A
P,N,Y
M,G,R,M
N,S,C,F
C,R,E,X
M,C,A,G
S,I,E
F,R,T
F,R,S,G
M,A,T
A,S,G,R
L,G,A,C
V,S,T,Y
E,N,N,V,U
W,L,F,C
H,M,S,Y
T,M,B,S
H,Z,F,S
S,K,Y,A,U
T,I,N
F,R,O,G
C,L,R
N,E,E
D,S,P
R,C,U,S
T,L,N,T
P,S,T,V
Y,S
T,I,O
L,C,B,M
D,C,T,M
N,T,L,A
O,I,I
E,O,I
R,S,L,N
K,N,S,L
T,C,R,T
B,O,N
W,I,B,C
B,D,C
M,H,O
O,S,H,C
E,M,C,G,U
H,I,E
T,T,H,I
A,U,X,L
P,R,T,C
P,R,O,V
A,R,E,B
D,P,C,S
V,M,A,R
U,T,F
X,Y,L
I,M,C
A,R,O,G
C,A,R,R
A,C,V
L,W,S,N
S,P,W,R,B
P,I,A,I
N,W,R,E
H,W,C
S,A,H
M,I,P,S,B
E,N,I,C
C,R,E,C
S,G,M,T
M,K,T,O
M,I,T,A
R,I,O
M,Y,N,Z
P,Y,C,R
C,P,T,N
M,F,T
R,M,G,D,U
S,U
Q,D,I,N
K,C,L,C
L,X,K
L,O,J,N
T,Z,H
V,C,G,H
G,H,C
A,U,I,D
A,P,M
M,F,I,C
H,D
A,A,C,O,U
M,O,B
U,L,C,M
R,O,A,C
C,T,S,H
D,C,T,H
L,V,S
C,O,E
V,E,R,B
A,N,S,W
Q,C,B,C
D,A,V,A
T,E,P
T,B,S,A
N,D,C
M,C,H,P
N,W,G
P,R,C,N
O,R,I,C
N,W,L,I
B,F,S
L,D,I,G
C,P,A,A
D,N,E,X
R,N,W,K
T,W,L,V
S,T,W,O,U
J,G,H
A,U,Q
P,Y,X,S
N,E,U
X,E,N,E
F,N,V
I,D,B,A
N,H,I,C,U
P,G,P
K,I,T,E
E,S,M,K
A,G,L
B,W,A,Q
A,N,S,S
F,S,F,T
M,B,U,U
R,E,S,T
M,X,L
V,T,V,T
S,A,P,E
F,P,F
P,O,N,E
F,D,B,C
L,Y,V
C,V,T,X
L,E,S,L
B,K,K,T
B,L,T,E
M,E,T,R
W,O,L,F
A,W,F
M,E,D,E
L,G,M,K
S,B,I,B
P,A,R,A
Y,U,M,C
M,C,F,T
S,L,R
T,E,A,D
F,F,I,N
S,T,N,E
X,G,N
W,A,R,R
B,G,T
D,A,I,O
F,R,T,X
L,I,T,M
T,F,C,E
C,X,R
W,L,B,C
F,N,G,N
G,U,T
P,E,T,V
M,R,V,L
M,D,T
T,R,R
J,M,E,D
N,I,Q
F,W,A,C
L,A,U,R
B,W,N,G
N,O,G,N
L,S,A,K
A,H,G
C,W,L,D
P,A,C,B
G,L,T
E,X,P,D
C,I,N,F
M,O,L,X,A
I,N,K,T
I,P,C,M
E,N,V
P,O,S
F,M,Y
E,W
Y,T,E,C
P,P,H,P,U
Q,T,R,N
C,M
N,W,F,L
S,N,T,G
C,C,J
E,V,L,V,Q
P,H,E,X,U
N,G,P,S
B,R,K,T
P,R,V,L
M,S,T,R
H,Z,O
A,H,C,I
B,C,Y,C
M,F,M
A,T,H,R
F,B,C
N,I,N,E
P,S,D,O
G,R,C,L
V,L,N
A,T,S,P,T
C,D,L,A
K,V,S,D
P,R,V,B
L,O,I,S
B,L,X
S,G,E,N
M,C,A
P,E,R,Y
L,M,I,N
F,B,M,I
T,E,C,H
O,R
E,B,S,I
M,I,M,E
T,T,I
Y,X,V,B,1,0
T,O,P
R,D,B,X
E,Y,E,T
R,A,V,N
U,B,E,T
G,L,L,I,U
Q,F,I,N
B,H,F
C,H,P,M,U
H,C,I,I
E,R,A,S
B,X,S,L
O,L,I,T,U
T,E,M
M,W,I
H,W,L
N,C,C
S,L,N
C,B,R,G
E,P,I,X
S,I,E,R,U
N,E,V
A,U,U,D
P,F
M,J,N
A,F,R,E,Z
B,H,V,N
P,L,C,M
W,W,A,C
I,N,G,N
I,G,I,C
M,L,Y,S
K,R,O,S
B,R,L,T
U,D,M,Y
L,O,H,A
L,I,I
N,F,X
P,E,O,P
H,P,L,T,U
M,E,S,G
G,M,B,T,U
P,P,I,H
P,T,H,R
P,R,B,C
F,T,K
A,P,X,B,U
E,V,G,O
V,W,R
T,H,R,N
N,W,A,C,U
A,L,U
L,X
G,E,L,X
P,L,A,Y
C,B,S,A
A,C,W
A,B,B
M,D,H
B,T,B,T
L,E,F,X
L,P,C,X,U
M,P,A,A
D,D,U,P
F,O,C,S
Z,T,O,P,U
G,D,N,R,U
G,R,A,N
L,E,G,A,U
T,P,X
F,E,N,C
W,A,C,Z,2,0
O,T,G
T,C,P
P,M,C,B
H,W,M
L,H,C
E,M,C
S,K,L,Z
F,L,I,C
T,O,W,R
I,C,H,R
D,P,C,S,U
W,W,W,X
M,O,R,F
G,L,P,I
L,E,G,H
Z,N,G,N
O,I,G
I,D,T,I
O,C,G
P,A,M,X
S,R,L,P
B,D,X
O,C,P,I
B,B,K
S,Q,M
P,R,X
I,H,H,I
R,C,R,C
T,X,N
A,T,O,N
C,T,K,B
R,B,K,B
T,C,B,K
M,F,D
H,W,L,D
A,R,G,U,U
S,U,D,S
I,O,C
S,U,A,C
M,S,I
R,D,G,E
S,D,C,O
S,L,Q,T
Q,T,W,O
A,R,A,V
C,N,C,P
T,R,V,N
C,C,I,X
I,T,C,B
I,N,F,N
A,R,C
D,D,M,X,U
L,G,V,C
V,I,X,L
N,E,O
D,M,Y,S
S,C,R
C,Z,N,C
B,N,M,V
R,O,N,I
T,K,R
X,P
N,O,M
S,O,N,N
S,P,T,K,U
E,L,E,C,U
S,C,M,A
D,B,G,I
M,C,D,T
F,M,B,I
E,T,Y
A,S,A,X
T,S,G
F,L,S
D,L,G,S
M,R,O,I
C,H,U
F,G
A,P,A,C,U
S,A,F,E
A,G,T,C
S,F,R
L,B,P,H
G,E,N
E,D,A,P
B,R,C,D
S,Y,K
O,I,S
L,E,G,A
K,E,N
X,O,G
B,H
N,P,A,B,U
A,G,S
G,W,A,V
A,E,N,Z
B,M,Y
N,Y,C,B
M,B,N,K
F,P,A,C
A,W,I,N
A,K,A,M
B,E,A,R
C,C,T,V,Y
R,Y,A,M
S,H,I,P
C
P,N,W
B,I,G
B,P,Y,U
M,G,N,X
H,P,F
W,B,X
V,L,L,Y
C,T,L,P
P,R,I
B,M,R
M,A,C
N,E,D
U,M,H
I,F,C,B
H,L,P
B,A,B,A
C,P,S,H
N,F,T,T,U
F,S,R
D,L,R
C,A,D,E
B,R,Y
G,R,K,A
A,N,T
U,E
T,N,A,V
H,P,E
E,Q,R
G,A,T,O
B,O,A,C
F,R,O,N,U
J,Y,A,C
F,G,F
I,R,P,P,F
V,R,E,S
I,S,S
I,I,I,N
B,T,W,N
N,J,V
M,T,G,E
X,T,L,B
A,R,E,S
F,T,O
O,R,A,N
H,P,K
B,O,N,A
C,L,I,N,U
P,B,G
A,Y,T,U
T,N,X,P
N,V,T,S
B,N,Y
O,T,L,Y
E
D,P,G
N,U,C,O
D,G,N,U
L,K,Q
A,P,X,T,U
V,D,N,X
P,R,C,S
I,H,T,A
R,O,W,E
O,R,S,N,U
B,W,M,X
I,P,W
M,V,S,T
A,D,P,T
L,N,C
I,K,O,S
T,R,U
Q,N,S,T
F,O,R
B,E,P
A,S,E,I
J,C,I,C,U
O,P,A,Y
A,T,N,F
W,L,A
M,R,T,X
T,E,C,K
E,T,W
I,P,M,T
J,O,R,E
D,L,C,A
E,N,V,I,U
E,N,V,X
K,B,L
R,L,M
I,R,O,N
F,C,X
G,G,U,Y
T,P,S,T
G,R,N,D
W,E,J,O
P,L,B,C
A,R,P,I
O,B,C,I
R,O,I,Q
C,P,T,S
C,N,T,G
C,H,N,G
D,H,C,A
N,E,T,V,A
S,Y,B,X
F,L,C
C,N,S,L
D,H,T,I
D,R,N,A
N,X,Q
R,A,D
R,A,N,D
K,I,O
C,R,I,O
P,H,Y,T
U,T,H,R
S,P,L,S
P,A,L,M
E,S,M,T
O,S,I,S
M,R,L,N
A,T,N,I
M,B,L,Y
H,N,S,N
M,S,C
A,L,K,S
B,I,O,S,U
F,O,U,N,U
A,C,R,O
L,O,U,D
A,V,T,R
T,H,R,D
O,M,E,G
B,V,N
R,E,N,E
S,F,N,C
C,G
F,E,L,E
O,M,K,T
V,E,R
M,T,O,X
O,D,P
C,D,K
L,X,P
E,S,Q
S,E,E,R
Q,Q,Q,X
M,H,I
H,D,N,G
I,B,A,S
L,G,A,M
A,U,D,C
S,M,A,R
W,R,N,B
M,K,F,C,F
T,M,N,T
P,C,Y,O
X,P,D,B
H,A,S,I
M,D,W,T
N,E,M
E,P,H,Y
R,F,I
B,U,C,A
T,T,O,O
I,V,A,C
N,S,T,S
N,Z,F
L,T,C,H
R,M,O
M,L,V,F
C,X,H
D,U,E,T
H,C,V,I,U
V,L,P
S,B,I,T
K,I,N,N
N,T,R,A
B,E,E
P,I,H,Z,3,0
T,P,G,I
D,K,H,R
U,R,G,N
D,E,A
G,R,E,E
S,L,A,M
P,E,T
G,C,A,A
A,R,S
D,Y
T,A,M
F,C,C,Y
Z,O,L,L
L,C,I,I
A,I,N,N
S,K,U,L
B,W,V
I,N,T,M
D,U,F
M,O,D,N
D,R,C,T
Z,G,E,A,P,X
O,F,G
G,I,A,C,U
C,T,H,R
A,S,I,X
K,T,C,O
C,L,R,B
M,F,G,P
H,M,N,F
D,V
A,U,T,L
S,L,C,T
A,G,X
C,N,Y,D
G,L,R,E
A,A,L
M,K,A,R,U
W,F
E,B,M,T
U,N,T,Y
M,R,M,C
I,N,V,H
I,G,A,C
C,B,L,K
R,D,F,N
J,M,S,B
A,M,F,W
M,R
S,P,C,H,A
N,X,P,I
C,O,O,K
S,H,L,R
C,R,G,O
S,M
E,U,R,X
M,T,T,R
C,T,E,A
G,M,M
D,B
F,I,N,M
M,F,I,N
A,S,L,N
I,S
R,O,S,E,U
A,H,T
I,N,X,N
E,M,F
M,O,H
G,C,O
O,D,W,A
P,V,X
C,Y,B,R
G,A,T,X
A,A,C,I,U
U,I,C
P,M,D
N,X,C
B,L,K,B
G,X,P
S,I,A,L
B,U,T,I
L,A,D
S,C,M,F
A,F,A,C,U
O,V,E,R
A,B,B,C
N,J,R
V,L,D,R
S,M,T
S,E,V
A,M,K
W,M,T
P,B,L,A
D,K,A,I
P,T,X,P
I,N,S,P
U,G
C,T,C,O,B
J,H,G
R,A,V,E
D,E,T,C
F,M,C,O
A,X,E
N,I,C
I,G,N,X
N,R,E,F
I,D,C
G,T,P,A,U
G,E,C,C
I,I,X,C
F,O,C,L
B,E,D,U
K,S,E
H,H,R,D
I,R,R,X
L,N,T
S,P,R
H,C,A,R,U
P,B
S,T,R
O,T,L,K
C,A,T
D,F,L,I
R,O,C
S,E,R,O
M,C,F,E
Q,G,O,G
C,C,N
M,S,E,X
N,H,P
S,S,P,I
N,P,A,C,U
P,C,C,T,U
B,L,I,N
J,H,B
O,E,I
F,R,P
R,E
G,F,S
P,H,A,R
E,O,S
A,A,C,E
W,I,N,V,U
H,X,L
V,R,N,S
A,D
E,F,X
O,P,P
T,P,R
A,M,P,L
N,C,B,H
B,M,T,I
I,T,I,C
G,G,P
N,E,G,G
M,D,R,X
A,L,T,E,U
P,W,X
C,L,I,M
P,U,K
G,N,M,K
E,S,S,F
D,A,N
N,U,T,X
N,B,T,F
S,A,S,I
C,R,N
H,I,G
I,D,W,K
F,I,S,V
B,T,A,Q
T,H,N,X
L,L,Y
P
A,C,H,C
I,C,B,C
K,I,D,S
I,B,E,R
T,L,T,O,A
B,W,T,R
S,G,C
K,N,T,K
Q,R,V,O
P,S,F
L,R,N
U,K
D,R,V,N
D,S,T
A,D,C,T
R,A,I
C,M,A
H,F
E,X,P
N,O,V,L
J,N,P,R
T,T,M,I
P,F,H,D
S,F,X
A,C,T,G
S,C,Y,X
C,A,L,T
C,P,G
C,V,A,L
R,M,A,X
F,F,S,W
A,S,R,T
M,E,O,H
G,H,I
S,E,M
S,O,U,N
N,B,H,C
T,C,O
C,Y,O,U
L,E,D,S
F,I,S
M,S
C,A,P,L
F,S,B,K
A,M,A,O
D,O,V,R
S,P,S,S
Q,U,B,T
E,X,A,S
A,P,P,D
E,V,F
M,O,G,O
D,I,S,H
B,I,O,R
A,M,R,I
P,C,H
B,H,G
F,S,R,X
D,Y,N,T
A,D,X
C,A,G
D,A,T,S
N,T,M,D
T,M,K,R
V,T,S,I
W,N,F,M
C,T,R,L
C,O,F,S
N,F,H
I,W,A,V
L,D,P
F,D,X
F,D,O
W,A,I,R
A,L,L,R
N,U,O
X,X,I,A
A,C,I,L,2,0
W,R,I
E,G,N
G,P,A,C,U
V,S,I,O
C,V,V
L,A,T,G
J,O,Y
A,M,I,S
A,S,T,I
C,A,T,L,U
T,S,B,K
Y,N,R
O,G,N
R,S,K,D
V,I,F,L
A,R,T,G
C,T,C,M
A,M,Z,N
P,C,A,R
B,C,S,I
S,G,F,Y
E,P,O,W
N,P,T,T
B,A,Y,B
C,K,S,W
T,C,I,V,B
T,G,V,C
C,P,P,L
A,U,G,X
B,I,I,B
U,S,M
P,D,D
T,R,P
P,T,V
I,L,P,T
C,M,X
A,N,N,X
B,M,A,Q
G,I,S,H
A,I,R,G
I,B,R,X
T,I,O,A,U
C,N,X,A
C,H,L,N
Z,N,A,V,X
U,C,O,M,A
P,E,M,F,F
R,E,A,X
U,L,A,B
Z,E,N
G,L,M,R,E
S,T,K,L
K,F
N,M,K
A,C,D,C
P,D,S
R,U,S,H,B
M,A,C,U
W,L,D,S
L,C,F,Y
H,O,L,X
F,I,L,E
F,P,A,Y
L,B,T,Y,A
H,A,A,C,U
D,O
T,A,T,T
W,S,M
N,G,V,T
I,N,B,K
S,V,F,A
L,K,C,O
P,A,R,L
H,R,Z,N
A,N,Z,U
K,R,A
A,D,I,L
T,U,N,E
L,C,N,B
W,M,A,R
Y,O,T,A
C,L,R,S
M,Y,D
P,M,G,M
X,I,O,N
A,D,T,N
M,M,Y,T
B,Y
B,O,R,L
B,B,U
A,N,A,B
E,N,S,G
T,A,O,P
S,N,T,S
M,T,C,T
S,O,L,O
R,A,I,I,U
S,W,K
G,F,X
B,P,K
A,C,G,N
E,S,G,R
R,R,X
M,H,E
S,P,T,K
A,C,V,C
M,Y,C,C
U,R,O,Y
E,H
R,E,X
S,Y,N,M
F,E,D,U
U,D,R
M,C,C,C
C,I,Z,N
D,R,C
C,O,U,R
S,S,L
E,X,A
W,D,H
J,R,I
N,I,T,E
N,O,T,V
N,C,N,O
A,B
X,L,N,X
L,U,X,H
I,C,G,N
P,R,N,B
A,A,T,I
I,G,T,A
C,R,I,S
Q,C,O,R
V
S,F,F,S
C,O,V,A,U
P,C,M,I
S,K,O
N,X,E
Z,V,I,A
I,S,B,C
C,W,D
T,L,B
C,F,S,L
G,Z,T,R
I,T,G,R
F,G,M,C
M,D,C,O
A,L,P,A,Y
T,W,N,K
A,D,M,S
U,O,N,E
S,T,R,Z,B
P,H,I,O
G,F,E,D
U,N,S,D,U
E,Z,G,K,1,0
C,O,B
D,L,B
K,R,N,T
I,N,S,S
M,O,S,S
K,E,L,Y,B
F,F,S
A,C,E,V,U
D,D,I,C
A,V,T
T,O,T,A,U
Z,L,G
C,R,Z,N
A,M,L
F,T,P,C,X
T,Z,P,S,U
L,I,N,C
I,C,O,C
A,T,O,S
P,A,H,C
V,C,V,C,U
D,M,A,Q,U
N,E,W,R
R,H,I
N,A,P,A
H,A,A,C
C,G,E,M
H,H,H,H,U
C,D,N,W
O,L,G,R
F,A
U,C,B,I
A,D,E,R,U
S,U,S,S
T,L,G,D
B,T,O,B
W,N,E,B
M,I,R,M
A,L,L,S,A
A,G,C,H
D,E,L
E,N,O,V
N,B,S,T,U
R,C,H,G,U
N,R,X,S
S,H,O,P
G,R,T
E,W,B
A,E,I
U,B,E,R
G,O,L,D
C,O,D,E
F,R,W
A,V,O
F,P,H
G,P,A,Q
T,E,A,F
C,B,K,N
O,G,G,I
L,S,C,P
B,S,T,Z
H,D,V,S
I,O,A,C
Z,G
O,S,N
M,K,T,W
A,M,R,K
F,L,B,C
L,N,C,B
S,K,D,S
L,G,S,T,U
F,L
C,F,B,X
M,T,A,C,U
G,N,T,A
B,R,T
S,G,H,L
D,C,O
S,N,A,L
P,G,C
S,T,A,T
M,S,S,A
A,T,N
S,O,R,L
S,L,N,G
B,E,I,Q
H,O,F,V
S,U,R,G
B,L,D,E
L,A,Z,R
N,V,G
N,P,C,E
F,F,C
P,M,X
C,C,B,P
B,G,I,O
C,B,O,U
A,S,P,P
I,R,I,C
J,W,A,C,U
T,M,P,M
I,O,V,A
C,M,L
L,V,O
B,A,O,S
S,M,G
G,R,N,Q
A,I,M,T
H,I,L,L
E,N,T,F
S,T
N,X,T,V
V,M,C,A,U
H,Y,I
C,L,S,K
S,L,A,M,U
F,L,R
S,H,E,N
T,A,N,K
H,N,R
S,M,T,H
F,B,R,C
L,E,G,N
I,Q,N,T
O,S,I,I
G,T,S
C,Y,E
D,D,S
N,T,G,X
O,H,A,I
K,Y,C,H,U
P,I,C,M
B,E,N,E,U
S,S,K,N
A,R,D,X
N,V,S,T
M,C,A,A
E,L,S,E
P,O,N,R
A,S,T,C
A,K,Y,A
H,C,G
W,J,C,I
H,U,N
U,H,T
F,T,C,V,U
R,W,A,V
L,T,R,X
R,A,L
B,S,F,C
I,D,X,C
K,B,A,Y
C,B,I,O
I,D,T
W,M,G
Y,X,R
M,A,R,P,S
M,A,N,C
N,V,C,T
I,S,Y,S
E,M,L
O,T,I,S
B,M,A,C
S,A,M,G
E,N,V,A
H,O,F,T
J,W,N
F,M,C
F,T,A,C,U
B,O,L,D
V,R,T,V
U,F,P,I
A,D,M,P
D,A,W,N
C,A,R,S
M,T,R,X
P,B,T,S
C,Z,F,S
F,R,B,N,U
K,F,X
J,J,O,C,U
O,K,S
V,M,G,A,U
V,I,G,N
S,G,K
R,A,C,Y
B,I,P,C
C,N,T
S,D,B,T
O,S,I,P
M,S,D
M,G,P,I
M,A,R
P,F,S,B
G,D,C,T
Z,R,B,A
L,D,I
H,G,I,A
P,M,E
M,N,R,O
E,N,T,A
E,F,T,R
E,F,T
T,L,G,Y
F,F,F,D
S,C,W,O
C,W,T
H,S,N,I
N,S,R
P,S,N,Y,W
S,B,G,A
J,T
W,S,B,I
U,S,C,T,U
T,L,R,A
T,H,M,B
S,R,T,S
T,H,C
A,G,F,S
S,T,E
N,I
W,I,S,H
D,N,O,W
N,R,C,I,B
E,V,G,R,U
C,A,S,I
E,F,T,D
R,F,A,C
T,N,L
C,M,Z,U,1,0
C,U,D,A
G,R,M,N
R,S,T,I
L,G,V,C,U
C,N,C
I,N,D,P
T,S,I,I
R,O,S,T
C,N,J
T,A,R,G
N,W,I,R
J,B,G,S
Q,N,T,X
W,E,B,T
M,U
C,I,I
A,B,S,I
R,G,L,S
S,F
E,A,I,I
F,V,A,M
M,T,R,N
C,V,G,P
P,W,S,C
C,R,W,N
C,U,L,L
N,G,C,A,U
E,C,A,C,U
T,A,Y,D
N,R,A,C
I,O,N,R
C,Q,B
R,G,C
C,T,O,S
P,R,P,O
D,I,S,T
C,O,N,E
M,D,L,A
S,G,I
C,N,T,A
F,F,I,C
B,B,N
C,N,V,R
S,H,A,C,U
M,G,T,A
A,Y,I
S,P,K
T,R,Q
I,R,D,V,E
D,L,P
I,O,N,Q
A,B,L,X
U,C,P
S,I,R,O
A,L,T,O
L,Y,B
P,O,R,K
B,J,Y,A,2,0
W,D,S
T,F,X
A,V,K
R,P,R
S,L,A,B
B,S,X
A,K,P
G,I,B
M,E,D,P
J,V,A
A,X,Y,S
A,T,M,L
D,M
O,R,X
H,I,F,S
O,H,A,A,U
S,B,Y
M,M,I
D,M,O
I,V,C,B
A,H,H
P,L,R,X
I,H,I,T
F,O,X
C,S,B,C
N,R,G,N
C,A,S,A
G,D,S,T
T,R,O,N
O,S,T,K
O,M,M
R,B,O,T
B,O,C,H
C,A,M,T
C,B,E,Y
B,R,O,G
N,O,O,F
K,L,A,Q,U
C,L,R,C,U
C,F,C,B
R,O,S,S
M,F,C
P,T,R,A
K,P
S,S,R,X
C,M,R,A
L,W,A,C,U
H,M,E
A,V,A,L
V,I,I
D,A,T,E
D,H,H,C,U
A,R,G,X
S,F,D
L,I,T,T,U
W,T,N,Y
W,E,B
C,S,T
K,B,R
A,B,M,D
C,M,V,T
T,I,X,X
C,H,S,T
W,C,C
A,Z,Y,O
C,T,X,S
B,J,G,P
D,U,K
J,A,H
B,R,Y,T,U
U,P,X,I
B,L,M,T
U,C,F,C
R,B,A
T,U,S,K
W,R,C
C,H,C,O
E,N,Z,Y
E,B,R
N,V,O,S
C,E,R,S
T,H,S
L,Y,G
P,T,I,S
O,M,E,R
A,V,T,A
P,F,G,C
N,T,U,S
E,L,O,X
C,M,S,B
N,T,L,S
P,Z,N
V,H,I
C,H,E,K
I,N,M,R,Y
C,C,O,I
T,U,S,C
F,R
V,B,O,C,U
A,P,L,P
V,I,T
C,N,K,T
K,A,I,R
H,B,A,N
V,E,R,T
R,T,X
C,H,E
E,S,I
B,G,F,V
K,R,N,Y
P,V,B,C
E,I,G,I
R,E,T,O
A,P,T,M
X,N,E,T
V,B,O,C
A,D,G,F
L,O,P,E
A,P,L,X
F,B,M,T
L,I,N,X
C,I,T
A,F,G,L
S,M,L,X
P,S,B
R,E,D,X
M,T
B,W,C,F
G,T,I,V
T,E,T,C
O,T,R,K
T,S,M
N,U,W,E
G,O,F
P,F,G
A,C,R,V
Z,G,E,A,S,X
G,M,I,I,U
H,C,K,T
C,E,D,U
I,A,L
R,G,S
C,A,N,O
J,A,C,K
T,C,G,G,U
M,E,K,A
B,R,E,W
G,N,S,T
L,W,A,Y
O,N,V,O
L,F,S,T
B,F,F,C
M,A,R,Q
L,G,H,L
H,O,O,K
N,T,O,P
B,P,A,C,U
S,Y,U,T
U,B,X
R,M,R
F,N,B,F
S,H,O,R
S,I,G,I
W,T,E,R
W,W,A,Y
T,C,B,C
I,N,F,O
Z,I,P,T,A,X
P,F,L,T
H,P,I
B,N,O,X
P,E,R,I
G,R,P,H
T,L,S,A
G,T,W,N
S,B,S
P,N,K
E,D
G,T,R,C
A,R,O,S
W,I,N,K
C,P,R,E,X
H,C,C,H,U
M,I,T,L
E,P,R
L,T,X,B
V,I,A
T,A,L,K
D,S,G
K,Z,I,A
R,P,I,C
L,A,S,E
H,M,T,A
F,I,G,S
K,O
O,P,M,R
S,H,C,O
H,L,X
S,C,E,M,U
Q,C,O,M
E,M,B,C
N,U,R,O
Z,I
P,R,T
I,L,X,O
E,L,Y,S
N,F,Y,S
N,E,L,V
T,U,M,I
A,L,T,T,U
A,X,S
H,R,B
M,V,I,R
T,G,P
V,S,E,A
R,S,C,R
P,E,T,C
M,C,S,W
B,M,S
L,H,X
S,C,F,S
P,W,R
I,R,N,T
S,J,O,E
A
C,H,S
R,T,O
S,T,I,X
N,M
R,E,A,L
B,W,X,T
F,C,E,L
H,S,B,C
O,M,E
V,I,E,W
C,O,T,Y
S,H,L,S
K,A,L,A
C,U,S,M
F,M,A,O
E,M,C,G
A,D,I,C
S,T,I,M
X,N,P,T
C,C,S,C
S,E,L,B
O,X,S,Q
V,T,Y,X
A,I,H
S,H,U,A
M,T,E,X
C,M,T,A
L,T,R,N
L,F,L,Y
S,C,O,B
E,X,P,E
S,A,I,A
L,A,U,N
L,A,T,N,U
S,I,G,Q,U
W,O,O,F
F,A,C,Q
A,A,B
O,R,A
S,A,I,L
M,C,O
S,C,L,E,U
I,D,A,I
J,F,U
W,U
I,T,R,N
C,A,T,P
A,C,Q,R
B,K,C,C
M,M,M
E,S,O,A
T,S,I,B
C,O,L,I
T,E,N,K
C,R,G,N
M,B,A,C
K,N,O,P
A,T,S,I
W,E,N
V,C,I
F,O,X,W,U
P,G,S,S
C,T,A,Q,U
D,T,O,C,U
S,A,V,E
O,R,A,L
C,P,L,G
A,T,X,I
J,R,O
A,H,C,O
T,W,I
E,V,V,V
K,P,T,I
O,M,I,C
B,V,E,W
M,S,C,I
M,E,A,D
P,R,B,X
P,N,I
N,V,F,Y
C,T,B
R,A,D,I
K,L,X,I
M,T,U,C
R,G,R
W,I,A
B,Z,H
P,L,A,B
T,R,F,C
T,H,F,F
P,R,A
N,Y,A,X
S,U,N,H
B,B,W
F,M,N,B
B,I,L,L
K,N,B,E
V,L,C,M
G,H,I,X,U
P,F,C,B
J,O,B,Y
P,N,T,U
O,N,V,I
M,I,R,O
G,X,I,I,U
A,U,O,G,Y
X,B,K,S
G,N,A,C,U
P,S,X
G,E,N,Z
G,V,P
B,B,L,G
S,H,A,C
E,L,V,N
N,U,V,L
Y,A,N,B
W,E,R,N
F,J
C,D,X,S
T,D,F
A,D,L,R
S,D,L,I
F,D,P
V,D,T,H
D,A,N,G
F,C,S,T
P,H,F,C
E,M,D
P,R,A,X
D,V,D
R,A,Y
G,A,N
N,D,P
N,D,A,Q
P,I,N,C
G,T,H
N,A,A,S
I,N,A,Q,U
H,Y,B,D
Y
P,A,V,M
B,K,I
P,G,L,C
K,S,T,N
T,S,C
N,A,H,C
T,T,I,L
G,D,N,R
Z,I,V,O
C,N,X,C
W,E,A,V
G,N,V,C
R,E,V,E,U
P,M,V,P
F,F,G
Q,D,R,O
B,K,W
L,M,T
I,M,X,I
C,H,C,O,P
L,O,O,P
L,I,M,S
B,S,Y
P,I,M
B,B,L
O,F,C,P
R,D,C
M,V,B,I
J,U,N,O
A,R,B,G
I,T,H,X,U
F,I,N,M,U
A,V,E
V,P,H,M
B,S,A,Q
P,H,S,Y,B
T,U,C
I,R,E,N
T,F,O,N,Y
A,M,P,I
U,H,G
Z,R,E,I,T,X
G,E,N,Q
M,C,R,S
N,C,E
B,G,X,X
A,I,R,C
H,Z,N
G,N,L
S,W,S
G,B,N,H
D,J
H,S,H
F,O,R,D
B,S,E
O,U,T
P,B,O,C
S,U,P,E,U
M,P,R
V,L,N,S
K,I,N
S,M,R,T
J,M,L,P
J,N,C,E
G,L,H,A
C,O,H,U
S,H,O
I,E,A
D,F,I,N
S,G,I,I
H,M,T,T
H,C,D,C
D,C,O,M
S,P,O,K
A,R,L
P,R,V,D
C,I,T,A
I,M,N,M
T,G,S
M,P,L,X
H,P,J
V,I,I,A,U
G,E,L
C,S,G,P
T,L,I,S
I,N,S,M
G,P,N
L,A,T,D
O,X,V,I,1,0
A,I,R,S
N,E,R,V
G,M,B,L
F,G,I
V,T,I,V
J,U,N
V,R,A
V,S,H
I,T,I
L,A,R,S
L,G,V
T,S,R,C
H,B,N,C
A,L,T,U
V,S,C,O
L,F,A,C
N,O,A,H
Q,E,D,I
B,R,C
S,L,D,B
A,S,G
E,V,T,C
L,G,S,A
W,F,R,D
G,E,D,U
F,C,B,C
Q,S,G
E,V,E,X
A,F,A,M
F,A,C,E
K,N,D
S,U,N,W
Y,G,F
J,S,Y,N,U
D,E,B,S
Z,A,Y,O
B,T,U,I
V,I,A,B
K,N,O,L
M,V,I,S
H,S,H,P
M,E,M,S
A,O,S
S,B,F,M
F,U,B,C
S,G,M,O
A,R,G,O
B,R,I,V,U
P,U,M,P
B,P,T
E,G,I,F
F,N,B,G
C,L,T,D,F
E,S,A,B
H,E,R,A,U
B,P,A,C
D,O,Y,U
S,Z,R,G,1,0
B,G,A,C,U
A,R,G,U
G,D,Y,N
Q,H
S,A,B,R
S,M,O,D
J,F,B,R
N,P,A,B
E,V,B,S
I,C,U,I
T,L,G,Y,U
C,O,V,B
C,M,F,B
L,P,T,H
A,C,R,S
M,N,T,X
S,S,S,W
M,U,L,N
H,P,A,C
T,E,G,A,U
B,T,U
J,J,Z
E,Z,E,M
C,N,G,L
R,V,P,H
K,R,T
S,P,A
C,B,E
B,O,J,A
N,C,R,I
D,K,D,C,A
G,S,A,Q
T,A,H,O
L,D,S,H
M,K,S,I
P,S,F,I
B,A,C,K
E,R,O,C
U,S,C,B
H,R,L
K,D,C
U,P,B,N
L,Y,O
I,N,S,E
M,K,C
O,P,T,C
N,C,N,A
P,E,R,I,E
G,R,O,W
V,T,E,K
T,K,T,M
T,D
B,P,O,P
S,C,K,T
M,A,S,K
L,P,A,C
E,P,I,Q
R,O,T,K
C,B,D
F,M,S,B
I,C,O,N
T,U
V,R,M
M,L,T,X
C,I,E,N
V,V,C
U,K,W,I,U
W,A,B,C
U,S,C,T
P,B,B,K
P,C,Y,C
F,T,C,I
N,A,T,R
W,O,R
P,V,A,T
G,H,D,X
A,R,C,O
N,A,N
D,O,L,E
S,Y,S,W
J,W,E,B
P,L,A
B,T,I
J,A,X,B
M,O,R
B,A,C
C,H,K,P
D,T,L,R
N,T,I
E,S,R,T
C,V,G
M,N,Y
S,O,N,X
R,B,O,W
B,T,B
R,F,H
Z,S,P,H
I,R,I,X
I,B,P
K,M,R
P,T,N,X
C,R,G,E
C,Z,Z
P,N,B,K
Y,O,N,G
P,R,L,D
F,Z,T
T,I,O,A
C,G,S,M,1,0
B,S,K,Y,U
F,S,T,N,U
P,N,T,R
L,P,D,X
I,M,V
M,A,A,Q,U
B,L,A,C
E,R,Y,P
E,T,W,O
S,T,R,R
G,E,T,Y
C,P,W,M
F,N,D
N,I,O
N,S,P,R
T,N,S
E,B,T,C
T,A,L,S
M,I,T,K
N,U,B,I,U
F,R,S,X
A,C,T,C,U
F,P,I,C
S,T,N,L
P,B,Y,I
V,S,H,P
J,B,I
B,W,A,C,U
C,M,T,G
B,W,C,A,U
L,A,X,X,U
H,S,E
S,V,B,I
T,U,Y,A
C,Y,H
G,R
W,P,M
E,D,A,C
R,X,R,X
H,Y,M,C
A,C,A,T
P,C,M
S,M,B,C
R,F,S
T,O,S,T
S,W,I,M
G,N,T
N,R,K
E,L,G,P
C,I,V,B
F,S,L,F
O,G,S
C,M,G
T,R,E,E
K,D,N
P,B,F,X
U,S,S,B
C,N,N,G
E,N,G
M,R,O
H,U,G,E
I,A,I,A
G,O,A,C
M,T,H
G,M,H,I,U
M,T,O,R
A,P,V,O
S,A,F,M
Q,E,L,L,U
T,S,Y,S
N,K,S,H
A,T,N,X
S,H,P,H
M,L,I,N
K,D,N,Y
F,L,F,V,U
P,C,Q
K,S,P
I,P,V,I,U
M,E,T,X
F,L,L
O,X,L,C
A,M,A,P
C,M,G,E
O,G,N,C
L,D,O,S
V,V,P,R
G,M,F,I,U
L,E,X,X
T,F,C,O
C,D,W,C
C,R,I,C
V,E,S,C
M,C,B,C
S,B,S,E
U,T,L
C,O,C,O
P,G,N,D
A,L,R,S
L,I,X,T
A,P,G,N
V,E,A,C
T,T,E
X,L,O
D,S,G,X
G,A,M,C,U
O,C,L,R
W,I,X
P,R,M,E
A,B,I,I
D,H,C,A,U
A,V,A,N
T,W
C,F,F,E
S,Y,N,P
K,I,P,S
A,V,D,X
H,D,D
L,J,P,C
S,S,Y,S
P,L,S,E
O,P,T,V
F,T,I
S,I,N,A
P,L,T,N,U
C,D,R,E
B,A,P
D,M,B
N,O,V,N
N,E,F,F
C,G,X
D,O,C,S
C,Y,B,I
C,A,B,G
T,A,C,O
W,F,C
S,N,O,W
C,H,X
M,O,D,V
A,V,D
G,N,P,X
K,S,C,P
W,B,K,C
S,W,D
Q,C,P
I,R,T
A,I,T,R,U
P,L,Y,M
B,O,C,B
P,A,C,I
L,P,R,O
I,I,R
O,P,R,A
S,C,L,E
I,S,E,E
P,B,S,K
S,U,P,N
E,Y,E
W,D
M,I,K,R
T,G,A
M,O,T,N,U
D,D,F
C,B,P,X
V,N,C,E
S,I,R,E
C,E,G
C,A,L,Q,U
P,L,M,D
O,M,C
M,N,C,L,U
U,W,M,C
S,W,Z
G,E,H,L
I,D,C,C
R,C,L
P,T,E,K
S,C,H,L
M,P
H,H,S
C,E,T,U,U
S,P,W,R
T,B,L,A
A,V,G,O
O,B,A,F
W,C,R,X
C,R,L,S
M,C,S
S,C,M,P
D,P,Z
T,Y,L
M,N,S,T
L,W,F,H
D,C,F
S,H,B,K
A,E,E
G,R,S,V,U
B,N,N,R
G,E,O,I
E,M,L,T,F
G,Z,H,X,3,0
F,H,B
K,R,T,X
A,M,A,O,U
W,I,W
N,R,D,Y
L,I,P,O
T,P,G,Y
N,T,R,S
A,F,B,C
B,S,F,T
M,T,L,X
M,P,G
T,V,G,I,A
C,R,U,S
T,M,H
T,Y,Y
C,D,I
M,S,D,A,U
D,E,N,N
U,S,F,D
F,R,G,T
C,A,L,B
D,G,I,C,B
A,D,A,P
U,R,B
U,G,L,Y
W,R,B,Y
B,L,Z,E
A,S,G,N
A,E,M
B,E,N,E
C,A,I
B,E,P,C
F,V,T
B,A,R,I
A,S,P,S
D,R,H
E,Q,B,K
M,M,M,B
S,V,V,S
G,R,E,Y
R,A,C,Y,U
G,L,Y,C
B,S,G
O,M,N
F,O,R,L,U
N,C,L,H
X,C,R,T,X
E,X,E,L
C,O,R,R
H,G,E,N
W,S,R
W,T,R,U
V,S
I,O,N,M
Y,R,D
C,K,C,M
T,W,T,R
N,E,T,I
E,D,L,G
F,X,N,C
P,L,T,E
S,M,E,D
P,R,P,X
C,D,C,Y
N,O,G
B,P,C
O,R,R,F
O,U,T,R
Z,G,E,A,T,X
H,N,Z
D,F,B,S
E,S,R,X
D,S,C,M
M,M,P
A,C,F,C
P,B,F
B,C,O,V
U,S,E,R
I,T,W
C,R,S,P
R,E,L,Y
R,L,Y,P
C,A,C,O
M,B,I,A
S,J,M
A,V,X
P,J,T
P,Z,Z
A,B,E,O
C,A,F,D
H,A,I,A
A,M,I,C
F,T,H,M
C,R,F,H
L,A,T,G,U
M,C,U,R
C,E,P,H
G,M,L,P
P,I,R,S
N,V,M,I
K,U,R,I,U
I,D,I,X
W,P,R,T
H,T,V
E,C,O,R
N,M,Y
T,L,S
R,A
D,C,U,E
M,R,M
I,X
R,S,A,S
N,B,T,B
V,I,A,S
J,O,A,N
R,I,L,Y
E,E,L,N
S,T,S,A
A,P,K,T
A,C,T,D,U
B,C,G,F,U
O,S,T,X
M,C,R,L
H,L,T,H
K,O,S,N
C,N,Y,F
V,O,X,R
T,H,B,R,U
D,O,R,M
C,A,N,G
M,U,H
V,H,N,A,U
N,M,R
S,L,T,M
C,H,L
P,W,U,P
B,Y,S,I
R,B,K,V
J,F,K,K,U
S,I,F,Y
E,S,H,U
I,N,M
M,I,T
P,C,K
E,D,N,C,U
J,N,I,C
H,U,D
T,W,C,M,U
S,T,I
J,M,F
N,Y,M
G,G
C,S,P,R
S,M,F,L
G,R,V,Y
S,O,N,E
G,G,R
T,Y,T,P
C,L,B,K
H,O,L,O
X,H,R
A,Y
A,R,M,O
H,A
N,S,E,C
S,M,S,C
T,S,D
P,B,I
C,P,H,L
H,A,Y,W
B,R,C,C
C,A,B,O
R,N,D,C
F,A,T
S,M,W,B
P,P,T
T,H,R,Y
A,Q,S,T
B,L,T,S
S,E,E,L
S,N,E,S
G,O,L
C,H,M,A
A,E,H,R
W,W
P,L
R,X,O
C,M,O
U,N,O
I,N,F,S
N,X,Y
G,V,C,I
N,X,S,N
A,Y,R
G,E,S
Z,T,R
K,L,C
U,P,K
O,N,E,S
F,F,C,H
C,E,U,S
B,L,T,S,U
M,Y,P,T
M,A,C,Q,U
C,F,G
W,S,I,I
A,L,X,N
M,E,M,H
S,I,R,F
E,R,F
N,A,E
F,A,N,H
A,V,X,S
K,L,A,Q
C,H,E,R
M,L,R
P,A
T,X,U
S,P,R,U
Z,A,R,E,E,X
H,L,F
A,I,X,I
B,I,D,U
W,H,L,R
G,E,O,Y
B,S,M
L,U,M,O
L,M,F,A
T,C,A,M
O,O,M
R,U,B,O
P,I,I
M,Y,O,V
S,U,M,T
R,N,A
T,R,A,D
G,A,S,S
A,B,D,C
A,E,C
L,X,E,H
A,C,A,H,U
R,R,A
F,P,T
C,E,L,U
H,N,N,A
A,N,E,N
L,I,N,K
A,M,A,M
M,G,I,C
B,E,N
C,A,E,R
P,O,W,R,U
L,T,R,P,B
C,M,C
D,T,E,A
C,E,N
B,S,M,D
A,N,I,X
V,E,R,X
H,T,Y
R,I,G,P
S,Y,N,T
J,N,J
B,N,F,T
V,I,T,C
I,N,P,C
L,L,A,P
P,S,P,T
K,U,K,E
F,U,S,A
H,C,O,W
B,V,S,N
W,U,L,F
V,E,E,E
L,S,T,A
C,H,R,M
M,I,G,I
C,P,R,D,X
G,D,C
P,E,S,I
B,A,R,K
B,C,O
W,E,L,L
N,T,I,C
R,F,I,L
I,C,B,K
C,P,A,Q
J,G,G,C
H,H,L,A
Q,T,N,A
R,E,G,I
M,C,A,F,U
B,E,A,T
R,P
Y,B,Z,N
R,E,U,N
M,L,G,O
H,T,S
A,L,L
A,L,L,I
G,E,O
E,E,G,L
E,F,F
P,N,A,C,U
F,W,O,N,A
C,S,O,N
S,N,B,I
G,C,I
A,T,A,K
B,O,O,T
W,P,C,B
W,N,G
A,R,T,E,U
H,T,E
M,A,K,O
W,B,K
V,T,R
S,T,X
V,R,T,U
D,G,I,C,A
T,R,T,N
Z,L,T,Q
T,A,K
F,B,N,C
L,F,V,N
D,R,E
A,G,M
L,I,O,N,U
T,N,C
R,K,L,B
A,S,O
R,P,B
P,A,C,R
L,I,A,N
K,T,I,E
B,L,C,I
P,O,D,D
S,I
C,R,R,C
S,U,F,I
W,T,U
N,T,A,P
U,P,T,D,U
A,F,Y,A
X,A,I,R
M,H,D
C,P
G,N,T,Y
C,O,C,P
N,H,H,C
I,T,Q,R,U
Z,E,V
N,A,F,C
C,F,L,T
N,T,R,B
A,B,T,X
W,T,T,R
D,N,K
D,I,C,E
I,R,K,O
J,A,G,X
R,I,V,R
V,A,D,O
T,C,A,C,U
E,C,H,O
J,E,F,F
G,I,A
O,P,W,R
B,F,R,I
G,T,N
T,W,K,S
C,F,C,P
A,L,X
T,H,C,B,U
V,C,K,A,U
I,R,A,A
C,X,D,O
F,O,T,V
F,F,B,K
P,R,O,S
B,R,I,G,U
Z,R,P,T,M,X
G,L,T,O
P,A,C,T
B,B,D
R,L,R,N
C,B,N,V
I,O,N,A
M,B,C,N
S,F,F,B
O,R,I,A,U
A,M,T,D
H,A,S
R,Y,G
A,P,F,C
N,X,R,T
C,S,I,Q
T,N,G,X
P,F,C
V,A,L
H,W,E,L,U
E,L,V
R,C,K,Y
M,L,A,N
Y,O,R,W
B,B,U,C
L,A,V,A
B,O,L
A,T,I,P
G,H,A,C,U
T,R,D,A
A,T,S,G
V,I,H,A,U
W,B,C,O
C,N,C,E
M,I,K,L
M,F,A
V,F,O,X
C,P,I,X
T,S,I,V,U
P,C,B,K
A,D,F,C
C,S,I,I
B,N,H,N,A
A,R,I,Z,U
D,S,D
C,L,X,X
E,S,E
Y,F,C,B
L,A,C
A,R,D,N,A
U,N,C,A
P,K
G,T,H,X
I,N,D,T
F,S,L
B,X,G
C,L,A,Y
Y,Q
F,B,I,N
R,E,L,L
G,M,Z
L,E,G
C,H,R,D
S,E,C
S,G,L,X
C,U,N,B
C,O,V,D,Y
F,X,C,B
R,D,E,N
P,N,N,W
D,F,T
B,M,B,L
M,A,R,K
C,N,U
B,C,S,F
R,H,T
A,S,T,L
P,K,X
E,P,I,E
S,F,E
M,B,I,N
S,O,P,N
X,J,T
V,N,U,S
V,T,I,X,E
A,L,R
F,B,R
Z,I,X,I
A,O,L
A,A,W,W
K,I,N,G
N,E,O,G
P,J,A,M
A,G,G,R
L,Y,E,L
L,U,C,A
D,E
P,E,T,X
M,K,U,L
D,Y,A,X
H,M,C
G,F,G,D,U
M,O,B,L
R,A,R,E
N,M,I
N,A,T,H
T,M,W,D
C,P,E
W,G,R
F,G,B,I
U,N,M
J,R,N
H,G,G,R
I,N,T,U
R,P,T
S,K,Y,A
F,M,A,X
F,S,G,I
A,V,N,W
A,E,H,L
K,T,B
F,F
S,E,S
I,A,A
D,I,N
T,L,R,K
P,R,O,C
W,T,I
S,K,E
P,S,T,L
C,K,R
A,V,B
A,S,A,X,U
W,T,M,A,U
A,I,N,D
W,K,M,E
J,M,A,C,U
C,K,E,C
A,R,Q,L
C,L,E,U
L,F,U,S
O,C,E,A
K,B,W
I,V,T,Y
I,P,C,S
N,B,B,C
C,X,W
V,L,G,E,A
I,S,P,O
W,A,K
X,P,L,R
A,P,P
R,B,K
L,R,I,S,U
V,I,C,R
I,N,V,O
O,H,P,A
L,I,V,B
B,B,I,G
T,S,P,Q
S,M,I,H,U
C,O,X
V,L,A,T,U
R,O,K,A
R,R,C
E,R,T
N,M,R,D
G,L,B
A,U,Y
G,I,V,N
T,E,L
N,C,R
A,S,I,A
C,E,C,O
S,T,L,A
I,R,S
M,N,R,L
J,A,A,C
H,E,A,R
R,A,D,N
C,C,H,I,B
P,I,P,P
K,S,S
C,S
A,C,T
U,T,Z
P,A,F,O,U
S,R,A,C,U
V,T,R,S
A,V,T,E
C,N,T,B
A,C,T,S
B,Y,R,N
F,R,E,Q
H,S,P
S,U,P,C
E,J,H
U,P,S,T
T,R,V,G
F,G,X,I
G,A,B,C
Z,N,T,L
L,M,N,E
C,D,N,S
D,H,A,C,U
L,E,X,R
C,A,V,M
A,V,R,X
O,R,I,A
X,E,N,T
E,P,R,T
S,M,A,C,U
S,N,W,L
W,S,N
X,P,E,R
P,F,P,T
L,P,L
S,T,T
U
B,R,I,V
F,U,L,T
S,P,A,N
R,L,I
F,C,C,O
B,A,S,E
M,A,Q,C
I,G,N,Y,U
B,I,O,L
C,A,R
A,E,O,N
N,A,P,S
M,S,F,G
P,R,L,H,U
P,D,S,G
N,V,V,E
C,N,F,R
H,A,L
S,T,W
H,F,W,A
I,A,S
D,I,T,C
S,U,N,S
O,R,L,Y
A,N,O,R
C,I,T,E,U
O,R,B,K
W,P
C,T,C,T
L,I,O,X
F,W,R,D
S,V,U
S,G,T,L
C,A,L,L
A,M,R,B
F,C,V,A
L,B,R,D,A
U,N
B,G
T,F,C,F,A
V,F,L,X
S,T,A,G
S,A,M,A
N,A,D,X
A,C,C,D
S,A,M,A,U
G,O,O,D
C,G,C
M,C,R,B
P,M,F
F,M,O
C,H,C
T,R,T,X
S,S,B,K
S,F,L,Y
K,R,E,E
N,R,C
A,H,A,C,U
F,L,B
S,R,S,L
E,L,E,V
T,C
M,X,O
C,N,E,Y
S,T,B,A
M,A,C,A,U
G,A,I,A
W,P,Z
T,W,C,G,U
E,B,T,X
T,J,X
S,F,N,T
V,M,G,A
V,E,N,X
C,T,R,E
E,L,M,E
N,R,A,C,U
A,F,T,R
T,M,B
H,E,W
N,V,E
K,D,P
S,I,M,G
S,A,R
C,H,R,S
F,C,F
C,W,G
R,I,C,K
S,E,N,D
F,R,B,A
S,E
X,L,R,N
S,Y,R,S
M,T,G
B,B
B,O,L,T
C,H,U,B,A
D,H
F,V,I,V
A,M,A,L
K,E,R,X
R,W,Y
O,G,E
B,S,G,A
A,T,Y
B,S,B,K
C,F,K,Y
C,S,L,M
V,I,S,N
S,M,A,P,U
S,B,R,A
D,S,A,Q
O,T,E,L
E,G,Y
R,P,I,D
B,T,R,S
B,L,K
S,P,G,I
E,D,I,T
U,B,C,P
O,B,I,E
M,B,I
D,O,M,H
E,S,A,C,U
B,O,S,A
G,G,M,C
F,O,R,T,Y
R,G,F
R,E,V,G
Z,F
H,A,R,B
E,C,L
G,L,A,Q,U
F,N,J,N
M,P,V
A,R,A,G,U
E,N,C,Y
V,S,A,T
A,X,D,X
L,Y,F,T
G,S,K,Y
W,S,C
R,V,L,V
V,N,E
N,G,A,S
B,R,S,S
E,I,G
G,E,E,X,U
R,C,R,T
O,R,N
D,E,G
S,W,I
T,L,P
S,V,F,A,U
Y,A,L,A
W,L,S,C
S,T,S,S
C,R,T,O
C,E,O
A,X,L,L
R,S,V,A,U
W,V,V,I
F,S,N,B
R,E,I,S
V,I,I,I
I,P,O,F
Z,W,R,K,U
G,S,M,G
U,N,V,R
R,C,L,F
S,V,B,F
I,V,C,B,U
P,K,D,Y
W,T,R,G
P,K,T,R
A,C,T,I
M,E,D
F,R,T,A
S,R,C,L
C,P,R,T,X
B,Y,B,K
A,P,H
L,U,N,G
A,N,N,B
T,T,E,K
A,C,A,X,U
D,C,L,K
M,I,L,T
T,U,B,E
T,H,R,N,Y
A,C,D,O
S,T,J
N,C,F,T
Q,I,P,T
E,N,V,B
E,L,N,K
A,P,Y,X
A,R,T,C
B,M,C,H
X,I,N
W,R,L,D
A,S,N,S
V,S,T,H
Y,Z,C,M
C,N,A
A,T,S,P,U
F,T,S,W
C,A,D,L
J,G,G,C,U
K,H
T,K,S
E,V,D,Y
C,A,S
E,C,Y,T
T,L,G,B
F,L,X,N
S,M,T,X
R,Y,N
D,E,C,A
R,S,H,X
A,B,C,L
B,Y,N
I,N,W,K
C,V,O,N
V,I,R,C
M,B,C
M,D,G
A,R,Y,D
N,C,S,M
O,S,T,R,U
M,E,E,T
C,O,N,G
R,P,H,M
C,L,P,T
B,L,O,C,A
D,V,A,X
P,L,F,E
O,F,E,D
A,Q,U,X
W,B,S,N
O,S,A
M,A,R,S,A
R,L,O,C
I,P,A
S,K,Y,S
C,H,D,X
C,H,N,G,U
A,R,W,A,U
M,D,U
M,N,T
P,H,I,C,U
F,N,W,D
C,D,L,X
D,O,X
T,S,I,B,U
A,D,O
A,Q,N,U
A,C,Q,R,U
R,J,A,C
D
D,S,P,G
G,S,B,D
P,F,B,I
M,G,F
T,S,E,M
B,H,A,T
U,R,S
T
S,F,W,L
A,B,H,B
L,C,W
Z,V,S,A
U,I,H,C
F,C,Y,B
Q,N,Z,I,1,0
C,V,S
F,H,L,T,U
D,Y,N
S,S,R,G
H,P,O,W
B,T,B,D
N,G,L
X,R,D,C
H,W,K,Z
L,U,X,A,U
H,W
O,V,N,T
I,C,C
B,F,L,Y
C,U,T,R
A,C,B,I
T,X,T
D,A,R
P,I,I,I
W,S,B,C
R,A,A,C,U
M,T,M,D
G,L,B,E
C,H,M,I
B,B,A,I
L,D,G
P,O,W,W
L,S,C,C
N,G,I,M,3,0
J,U,D,G
P,E,A,K
C,A,R,V
G,R,N,V,U
T,R,A,Q
J,F,B,I
D,P,R,O
S,P,H
V,H,N,A
D,O,W
C,B,S,H
P,T,V,E
I,N
C,A,N
C,G,A,U
S,P,I,R
E,P,A,M
A,B,P
P,U,C,K
F,C,N,B
B,M,R,N
C,N,E,T
I,I,I,I
A,S,V,I
N,S,T,C
C,U,N,O
P,C,V,X
B,L,S,A
A,C,A,B
A,Z,P,N
G,O,D,N,U
B,M,E,T
R,C,A,C
X,P,R,S,A
B,I,O,C
A,K,R
G,W,W
E,T,W,C
M,C,R
F,B,A
S,N,M,X
V,B,N,K
M,O,O,S,U
P,P,O,D
S,D,R,L
J,U,G,G
M,D,N,U
Q,R,S,I
H,I,M,S
M,T,Z
E,E,P
B,R
M,S,L
M,A,N,U
L,A,R,L
E,R,E,X
S,C,N,Y,A
T,W,O,U
M,E,R,C
T,E,K,K
A,R,D,T
E,T,B
F,F,A
D,A,O,O
K,T,C,C
S,I,T,E
T,S,A
N,D,R,M
A,M,T,B
M,E,N
A,M,A,C
T,E,N,B
E,L
M,S,M
A,Z,U,L
A,T,M,V
I,D,E,X
M,L,P
N,O,V,A
F,C,F,C
R,Y,L
E,X,L
B,A,L,L
N,C,L,S
A,R,W,A
U,P,T,D
V,A,L,N
B,H,Y,W,Y
F,N,N,I,X
S,L,G,L
N,A,P
Q,M,C,O
P,O,P,E
D,S,U
D,E,L,L
J,P,C
I,B,K,R
R,T,L,R
Z,G,E,A,Q,X
C,A,S,Y
M,A,A
F,O,X,W
C,R,E,G
B,L,F,S
V,Y,G,G
M,R,N,S
M,M,U,S
D,R,T,X
N,C,B
R,S,Y,S
O,M,T,H
N,Y,C
A,A,T,T
T,P,V,G
R,C,P,T
V,S,N,X
O,N,E,M
O,S,K,Y
M,I,P,S
A,C,L,A
M,R,B,A
H,F,F
S,I,T,C
S,C,O,A
L,C,A,V
D,T,H,K
C,I,T,E
A,L,N,Y
A,L,P,A,U
B,L,C,M
C,O,B,R
S,L,R,Y
G,I,G,M
R,I,V,E
P,A,M
O,S
R,H
A,T,G,E
V,R,G,Y
E,A,S,T
S,P,G,L,U
P,C,O,P
T,F,S,L
M,A,P,I
A,M
M,A,T,X
M,P,A
M,S,O,N
G,I,I,X,U
A,M,C
E,S,B,F
E,V,L,V,U
B,R,L,I,U
T,R,U,P
V,L,Y
N,T,B
K,H,C
S,S,A,A,U
I,S,S,I
E,Z,F,L
R,D,V,T
G,X,G,X,U
B,D,A,Y
N,D,A,C,U
A,B,F
I,C,M,B
Z,I,P,R
B,L,C,T
L,B,P,S
R,A,N,I
G,R,O,M
F,L,W,S
F,F,I,E
T,D,Y
R,E,T,A
O,R,C
S,W,N
E,F,B,C
R,T,P,Y,U
T,D,G
S,Y,Y
N,A,C
R,P,A,I
Q,E,S
N,R,E,B
A,R,N,A
I,V,I,L
H,N,R,G
R,D,I,B
H,E,R,B,B
M,D,G,S
S,H,F,S
V,O,C,S
P,T,C
A,C,I,U
K,Z
H,I,G,B,U
R,C,B,K
H,R,C
T,S,E
V,Y,N,T
K,O,F
S,A,I
L,N,D
B,E,C,N
B,R,I,D
K,P,L,T
E,O,C,W
O,E,S,X
G,I
C,L,Z,R
N,C,X
H,G,B,L
A,C,I
M,I,T,O
T,T,G,T
F,B,M,S
K,R,C
L,C,I
P,L,T,K
K,O,P,N
T,P,I,C
S,S,S,C,U
O,M,C,L
M,A,R,X,U
Z,S
C,S,L
O,S,T,E
S,I,E,N
T,A,N,H
Z,U,O
H,O,M,S
I,C,A,D
B,Z,U,N
S,U,N,F
A,L,A,O
H,N,T
F,N,F
K,R,O
G,B,N,K
I,D,Y,A
G,C,W
E,S,X,B
T,S,S
J,A,N,N,F
S,O,D,A
S,G,U
I,N,F,A
R,C,N,I
A,V,X,L
R,E,V,B,U
O,B
F,N,S,R
F,C,B,P
P,F,D,R,U
C,I,I,C,U
T,O,A,C,U
F,U,S,B
M,S,S,A,U
A,L,C
S,R,P
S,A,J,A
T,Z,P,S
H,T,C,H
G,A,I,N
I,V,C,P,U
B,L,C,O
M,B,W,M
H,B,E
B,S,L
S,G,H,C
D,T,L,N
D,R
W,X,H
S,O,M,H
N,B,C,I
T,M,T,C
G,S,S,Z,2,0
O,P,G,N
C,M,L,P
P,G,R,W,U
U,P,S
D,O,S,E
P,L,Y,A
M,B,O,T
C,A,I,R
G,O,V,X
E,F,U,T
A,B,G,X
A,G,R,O
H,F,B,L
M,E,A,S
C,P,G,X
S,E,M,R
A,L,Y
A,G,I
W,T,M,A
T,T,N,P
A,R,U,N
H,C,M
B,I,O,T
C,A,T,C
N,R,P,H
P,L,T,X
D,H,I
H,A,N,D
U,N,I,Z
R,V,A,C,U
T,R,K,N
V,R,C,A
A,C,P
X,I,C,O
O,L,S
O,X,P,S
E,S,N,D
C,I
T,O,M
F,O,S,L
I,S,R,L,U
O,E,P,W
O,C,F,T
F,T,I,V,U
C,K,N,N
H,Y,C
C,U,B,I
I,C,O,S
B,H,K
P,C,R,X
C,T,Y,A
I,B,C,P
U,S,D,P
S,M,M,T
M,U,D,S
N,R,E
J,P,S
F,D,G,T
S,I,G,A
S,P,X,X
F,V,C,B
T,K,C
E,D,E,L
E,C,B,K
P,A,E
K,F,F,B
M,E,R
M,L,N,K
I,N,H,X
C,I,N,G
L,N,W
L,S,E
M,R,K,R
H,C,M,A,U
D,L,H,C
J,E,F
H,R,D,G
G,E,X,A
C,D,A,Q
H,C,I,C,U
S,H,B,I
A,R,T,N,A
E,O,D
C,O,R,I
D,C,G,O
H,M,Y
M,M,B,L
L,C,R,Y
O,C,A,S
G,I,P,R,U
A,M,Y,T
B,W,M,N
S,R,C
T,C,O,M
F,E,X,D,U
I,I,N
R,C,S
J,L,L
F,X,C,O,U
R,E,A,I
G,B,N,Y
F,L,X,E
C,L,U
D,Y,N,X
N,R,S,N
O,P,A,D
V,C,T,R
B,A,H
T,R,I,A
N,P,O
S,W,E,T,U
S,F,M
A,L,L,E
D,E,O
S,A,G,E
R,Y,T,M
W,L
F,M,K,T
G,A,G,A
D,W,A
M,B,V,T
P,A,Q,C,U
D,J,O
T,R,S,T
E,G,P
H,U,B,S
H,O,L,T
G,S,E,V,U
H,I,V,E
I,N,O,V
C,S,P,I
T,W,X
P,H,X
C,G,R,O,U
A,C,A,B,U
S,D,A,C
G,T,A,C
S,I,N,T
B,F,K
S,Q,Z
S,V,A
R,A,I,N
P,N,F
C,E,N,L
X,R,M
U,M,C
F,C,S,X
D,L,C,A,U
A,V,N,R
D,S,X
A,L,O,Y
S,O,N,C
P,F,I,N
A,X,P,H
R,H,D,M
H,C,I,C
Q,U,I,K
R,O,S,E
R,L,J,E
S,L,P
A,R,O,C
C,C,S
B,R,D
D,G,H,I
G,B,T,G
O,H,I
A,P,O
M,T,X,X
A,G,P
V,E,R,V
N,A,A,C
J,C,S,E
P,C,I
L,E,J,U
A,V,R,O
G,R,G,N
C,D,X,C
B,C,E,L
B,C,A,C,U
N,S,D,B
L,O,N,G
U,S,B,E
T,E,R,N
E,D,I
C,C,V,I
G,X,O
H,C,N,E,U
P,R,S,R,U
O,R,B
A,L,G,T
P,H,I,C
E,B,S
C,L,R,M
I,R,T,C
L,O,V
B,C,R
P,S,A,G,U
W,A,B
A,A,P
I,M,C,C
E,I,C,U
F,H,N
E,C,O,M
I,E,C
T,N,D,M
M,C
C,M,R,X
B,V,S
H,C,S,G
K,G,C
A,G,R
W,B,A
E,M,K,R
A,I,R,M
A,M,O,V
S,O,R
H,A,W,K
N,C,R,A
R,F,A,C,U
G,N,W
T,L,C,M
C,H,N,R
H,A,V,N
M,E,I,P
G,H,G
H,A,R,P
F,S,D
C,O,R,E
D,N,P
A,F,C,I
G,G,P,I,U
A,A,H
C,H,I
N,C,T,Y
S,O,V,O
S,K,Y
B,K,E
W,C
S,T,F,C
C,D,Z,I
C,M,C,K,Y
B,T,R,Y
S,C,S,C
C,T,C,I
I,P,A,X,U
N,G,C,O
P,M,G,M,U
W,R,N,T
L,M
O,C,A
L,X,F,T
I,I,T,C,E
O,P,A,L
C,C,E,P
S,P,N,C
O,L,O
K,R,I
E,N,O,B
P,U,C,K,U
C,A,C,I
A,C,A,C
N,G,M,S
L,M,R,K
N,T,N,X
D,E,C,C
S,Y,F
G,R,C,Y,U
G,T,I,M
A,H,L,S
L,D,R
A,V,N,S
G,T,X
A,F,I,B
N,T,H,L,1,0
B,A,N,R
A,R,Y,E
N,U,Z,E
R,P,T,P
H,R,B,F
I,P,S,C
V,A,M
W,L,K
J,A,G
P,O,H,F
K,P,P
S,E,A,C
B,N,N,R,U
X,B,I,O
F,A,M
K,O,R,E
P,T,E
R,B,B
P,G,N,X
V,R,C
F,L,Y
A,F,G
B,T,Z
T,U,P
O,R,I,T
T,T,P,H
F,I,T,B
R,M,B,I
U,S,C,R
F,F,K,Y
E,S,H,R
C,P,H,D
S,R,V,A
B,N,I
O,X,A,C,U
E,X,P,I
V,I,N,C,U
N,B,S,T
G,C,T,I
C,S,A,N
X,R,S,C
Z,A,I,R,T,X
Z,I,M
N,F,T,T
R,E,R,E
C,Y,T
N,T,S,L
R,M,Y
T,S,L,A
A,S,C,A
L,C,A,P,U
I,D,N,X
S,P,T,N
E,P,M,D
L,T,R,Y
V,M,E,T
I,C,G,A,U
B,L,U
A,L,V,O
E,P,D
C,N,X,N
S,C,L,N
S,L,M,D
C,S,R,A
N,Y,X,H
U,V,E
C,F,I,V,U
M,A,X
P,R,T,G
J,N,Y
K,R,N,L,U
K,V,I,K,B
C,O,Y,A
S,C,U,R
I,S,I,L
E,X,P,O
E,R,I,C
P,F,T,A,U
T,R,I,P
C,O,S,T
G,H,M
F,Y,B,R
C,B,A,N
W,E,X
T,R,V,I
E,B,S,B
H,C,A,C,U
J,C,T,C,F
G,L,P
J,A,S
K,O,G
H,U,A,K
P,A,G
P,O,S,T
G,O,G,L
A,D,E,A
S,P,L,P
A,W,K
V,T,G,N
N,S,E
T,R,R,A
N,L,S,P
P,E,T,S
A,B,V,C
H,T,D
N,M,D
W,H,D
M,W,I,V
X,O,M
S,P,R,O
S,T,G,N
S,I,T,M
L,L,G,X
R,G,E,N
P,Z,E
G,L,U,U
H,E,R,A
X,Y,G,J,U
P,L,T,R
I,S,L,N
O,R,T,X
V,S,L,R
T,I,I,I
W,H,I,T
Y,C,B
I,N,V,Z
R,O,C,M
L,U,F,K
C,H,U,B,K
P,E,G,I
I,C,V,X
K,T,O
C,F,K
A,R,N,C
G,R,C,Y
U,M,P,Q
E,L,B,I
C,A,A,S
L,V,T,X
M,W,A
C,A,A
R,M,T
I,R,D,M
S,T,G,W
I,A,S,G
H,R,B,T
A,L,A,R
E,N,S,C
V,E,L,O
I,O,S,P
D,K,E,Y
T,M,T,S,U
B,X,C
S,W,C,M
G,R,T,S
H,T,A,Q
S,W,R,X
I,I,M
D,S,C,P
A,L,S,M
L,O,A,X
P,T,V,C,A
L,U,V
M,P,R,S
U,B,S,I
E,E,I,Q
W,W,D
L,L
C,T,L,M
I,F,N
A,K,T,X
T,R,S,P,Y
C,N,A,Q,U
C,L,P,R
F,F,C,O
E,G,H,T
A,C,L,S
G,M,E,D
G,D,W
I,C,L
P,L,M,R
S,W,K,S
P,E,G,A
R,Y,I
A,D,S,E
N,I,S,N
L,I,V,R
J,M,D,T
Z,W,S
X,N,C,R
E,N,T,L
A,C,K,I,U
A,L,T,I
L,S,P,R,U
K,C
P,K,T
T,C,M
F,I,O
I,S,U,N
V,O,Y,A
C,L,P
C,P,R,S,X
L,M,I,A
A,P
A,T,H,E
B,M,E
H,W,K,N
G,B,D,C
M,P,W,R
R,I,T,M
B,V
E,N,S
H,N,H
I,S,P,C
L,M,N,D
A,D,P
X,R,A,Y
E,L,S
V,I,T,R
K,Y,A,K
N,P,C,I,B
S,G,M
H,B,N,K
M,C,B,S
B,A,R,Y
V,T,U,S
A,L,Z,N
A,V,G,R
R,T
L,N,Y
A,N,L,Y
M,A,R,A
R,B,C,A,A
B,Y,D
N,X,T
R,G,N,X
B,W,F,G
N,P
T,E,R,P
S,W,A,G,U
K,B,N,T
B,R,Z,Z,Q
T,H,M,A,U
E,X,L,T
L,X,U
U,B,N,K
H,A,R
I,B,G
E,L,B,M
E,G,I,O
B,M,T,C
O,R,G,O
A,G,T,I
P,N,G
A,F,A,C
I,M,G,O
P,D,M
B,N,C,N
M,A,S,B
G,D,E,N
N,M,A,I
C,L,O,V
M,Y,S,Z
C,H,W,A,U
V,T,L,E
T,I,M,H,Y
J,T,D
M,G,L,N
T,R,O,W
V,B,F
T,M,D,X
R,I,O,M
F,T,N,T
M,I,N,D
V,R,A,R
P,B,T,X
V,A,I,L
C,A,V,U,U
C,I,H
B,Q,H
E,Y,P,T
S,I,S,I
T,K
T,T,E,C
A,G,Y
C,A,T,Y
H,U,G,H
K,T,I,I
H,C,D,I
D,O,G,Z
O,T,E,C
K,Y,M,R
S,T,R,O
G,D,E,V
J,X,V,L
G,G,A,C
M,D,L,Z
A,K,T,S
V,N,O
F,C,L,F
C,B,N,K
E,V,E,R
E,S,C,A
S,O,P,H
T,R,I,S
A,C,N
C,S,C,Q
S,E,B,L
L,M,N,L
E,C,I,L
S,I,L,I
C,Y,X,T
N,I,C,E
L,O
A,N
T,M,R
G,A,I
P,M,A,C,A
E,L,T,K
K,V,A,C,U
C,S,T,E
S,M,B,K
S,T,B,C
A,O,T
E,V
C,I,O
Q,R,T,E,A
T,W,S,T,Y
A,L,P,X
H,T,C,R
S,P,R,Y
P,L,A,O,U
B,L,C
D,E,X
T,O,A,C
F,R,B,K
W,N,R,L
C,H,S,C,P
E,P,O,C
A,M,T,X
L,V,R,A,U
T,O,F,C
I,U,S,A,A
A,E,A,C,U
C,N,N,E
Y,U,M,E
T,U,R,O
P,A,C,X,U
B,L,P,H
G,L,M,D
B,I,R,T
R,A,D,S
F,S,H,P,U
R,B,T
X,Q
U,E,I,C
L,S,T,Z,B
P,X,C,M
C,E,B,K
L,E,A
P,R,S,P
M,A,X,R
C,E,N,H,U
T,S,R,X
X,P,A,X
Q,L,G,C
C,N,S,T
J,S,D
N,Y,M,T
H,A,I,A,U
T,O,L
L,Q,N,T
Q,L,Y,S
S,W,A,V
A,L,L,O
P,M,B
P,C,X,C,U
X,M
G,B,B,K,U
B,C,M,L
B,K,R
K,O,S
A,Z,E,K
I,B,M
H,L,L,Y
F,A,F
F,L,A,S
H,P,O,L
B,V,X,V
W,N
A,T,P,X
C,B,A,Y
D,I,B,S
V,E,I
M,U,A
S,P,S,C
M,I,N,I
W,A,T
M,O,V,E
S,A,I,C
H,N,I
C,E,R,E
L,A,B
O,A,T,S
Z,L,I,G
A,D,T,X
D,N,Z
W,F,S,I
P,V,S,W
S,A,N,B,U
A,S,P,I
S,F,B,C
C,I,T,P
O,V,I,P
A,N,N
X,R,I,T
D,W,A,C
B,F,E,D
R,L,C
P,R,E
N,M,M,C
H,S,P,O
O,U,T,D
C,C,M
A,T,H,A
H,Y,D,L
O,M,E,X
X,E,C
V,V,O,S
M,G,P
C,S,W,C
C,E,P,U
M,K,G
A,B,T
H,S,C
B,I,O,X
A,N,S,T
O,P,R,T
B,A,G,L
D,A,S,H
K,N,T,E
J,O,F,F
E,H,A,B
I,X,H,L
H,T
L,C,R,D
A,S,H,W
U,H,O,S
P,N,R,A
H,G,V,G,2,0
T,M,A,C
P,T,H,R,U
H,L,A,H
M,A,T,R
R,E,A,I,U
V,C,A,P
G,I,C
A,R,R,O
B,V,H
I,M,D,Z
L,I,D,R
M,L,M
D,Y,O,L,F
S,N,B,C
G,N,R,C
S,I,B
E,R,E,S
A,K,R,O
C,C,M,P
B,F,Y
C,M,P,S
H,F,F,G
R,V,M,D
P,L,B,Y
B,S,R,R
L,N,R
S,W,K,H
E,B,M,A
C,A,H
D,Y,C,U
A,M,A,G
C,U,R,V
A,C,H,L
U,F,C,S
M,F,R,M
I,S,L,E,U
R,D,Y
N,K,A
Z,L,A,B
N,N,N
B,N,L
F,N,W,B
J,U,N,S
W,O,R,K
N,E,W,T
S,W,A,G
D,A,R,E
R,M,G,C,U
A,L,T,H
C,W
G,H,C,I
H,T,H
M,K,F,G
T,R,C,A
W,W,E
C,L,S,D
C,F,F,A,U
S,B,G,I
Z,G,N,X
N,O,V,B
Q,P,A,A,U
N,B,L,X
O,P,C,H
O,P,S,W
I,Z,M
F,S,V
C,D,P
M,C,S,Y
P,E,P
E,T,J
I,N,X,I
S,U,N,N
U,H
J,T,P,Y
O,C,X
R,W,O,D,U
L,M,O,S
I,D,X,X
A,A,C
I,C,C,C
A,B,C,D
M,U,C
W,G,L
F,O,B,B
W,S,T,C
D,R,U,G
C,Y,P,B
M,L,A,B
T,E,K,K,U
M,A,N,T
T,C,F
O,A,C,A,U
P,T,O,C,U
T,D,U,P
L,M,S
L,U,L,U
B,B,D,C
A,O,G,O,U
N,I,M
R,U,H,N
K,M,P
K,G
B,E,A,S
V,I,N,C
K,W,E
N,M,S
L,S,T,R
H,N,B,C
L,S,P,D
M,O,N,M
T,O,B,C
C,L,A,Q,U
T,R,O
K,V,S,A
A,E,R
D,R,Q
S,T,E,I
P,P,D,I
A,Q
A,R,W,R
A,C,A,P
E,O,G
T,H,W
D,G,A,S
H,Y,P,R
O,L,B
Y,D,L,E
A,U,B,N
P,R,W,K
I,M,C,R
L,I,B,B
C,O,M,V
A,W,R
H,P
G,N,L,X
A,B,A,N
P,A,Y,S
V,E,L
T,M,U,S
A,P,O,L
N,M,T,R
G,S,A,Q,U
A,L,O,R,U
M,A,N,H
B,B,F
S,L,G,C
F,T,V,I
N,G,A,C,U
C,C,T,X
N,C,O,C
H
P,T,I,C,U
T,U,T,S
L,A,D,F
B,X,R,X
A,M,B,P
B,B,W,I
S,H,L,X
A,T,U,S
M,O,N
M,F,F,C
G,E,H,C
V,A,S,T
T,T,N
C,O,H,B
M,V,C
T,E,C,U
I,N,D,B
N,Y,V
G,D,V
S,S,R,M
A,C,E,R
E,A,R,N
E,C,C
C,K,E,Y
M,E,L
A,P,F,H
I,R,O,Q
T,R,O,X
M,L,C,O
U,P
V,I,S,L
N
P,L,M,I
Z,R,A,N
H,R,L,Y
C,N,W
A,F,T,X
X,F,I,N,U
F,O,R,M
M,S,L,V
H,L,G,N
M,V,T
A,P,R
A,P,M,I,U
B,G,N,E
I,N,F,Y
I,M,I
D,A,L,N
A,E,A,E
O,M,E,D
F,H,T,X
H,R,O,W
A,F,A,R
G,R,P,N
F,N,G,R
P,I,N,G
V,R,R,M
F,W,F,C
B,T,F,L
E,J
B,H,V
P,K,O,H
O,N,E,W
S,Y,E,X
U,I,R,T
H,P,R
A,U,R,C
I,M,N,N
M,T,O,H
H,F,R,O
L,O,G,I
N,F,S
M,X
R,A,A,S
C,V,C,Y
I,N,I,N
M,A,S,S
S,P,N,E
D,L,P,H
M,T,L
P,H,R
M,I,T,T
L,U,N,A
A,T,C,O
N,C,I,T
P,T,S,I
R,E,P,L
P,R,T,K
V,Z,I,O
T,I,G
C,D,N,A
R,J,F
V,L,O
T,W,L,V,U
M,D,B
T,H,G
D,A,D,A
L,S,C,O
W,I,N,V
A,T,H
M,F,E
G,K,N,T
J,A,Q,C,U
G,T,Y,H
G,X,I,I
P,F,D
S,M,X,C
I,L,A,G
S,T,R,C
C,Y
G,E,V,A
S,N,P,S
B,J,R,I
U,N,F
B,S,Q,R
H,U,G
P,S,N,Y
B,L,T
N,C,E,M
L,L,T,C
H,P,F,C
O,A,K,U,U
I,F,F,T
P,R,M,I
P,S,O,F
H,B,I
V,N,E,T
B,X,P
T,S,R,I
C,H,E,F
A,C,R,N
T,C,N
C,A,T,M
L,C,A,A
A,I,V
R,G,P
I,V,Z
B,M,O
S,P,W,H
M,D,J,H
P,W,I
X,O,M,A
M,D,I,A
B,L,E,U,U
E,Q,M
M,R,C,Y
K,E,Q,U
V,M,O
B,W,Y
B,L,F,Y
C,S,W,I
C,A,C
A,W,R,E
M,O,R,P
T,W,C,B
E,O,P
S,E,D,A
G,L,H,A,U
A,P,L
G,E,F
S,P,K,A,U
N,W,S,A
A,S,W,X
S,N,D,L
P,L,M,I,U
T,F,F,P
C,A,R,O
D,A,P
W,C,B,O
T,L,R,Y
A,E,I,C
T,R,M,R
A,R,D,S
T,R
C,N,Q
M,E,T,H,B
P,A,C,E,U
A,C,I,A
C,A,S,B
T,M,T,C,U
S,A,N,M
H,U,M,C
W,I,N,A
B,F,Y,T
F,E
E,G,R,X
W,A,L,D,U
N,B,A,K
N,B,T,X
B,F,C
S,Y
C,W,B,C
M,L,I
V,I,V
A,L,P,P
H,A,L,L
T,K,N,O
L,R,M,R
C,U,E,N
L,O,V,E
C,V,N,A
E,S,Y,S
K,F,B,I
F,O,R,G
L,A,B,C
N,W,A,C
W,N,N,B
I,P,X
R,E,L,I
H,O,R,I
F,L,Y,W
C,P,A,R
M,G,A
Y,E,L,P
I,T,M,R
G,T,Y,H,U
A,G,L,E
P,F,X
N,S,T
V,R,D,N
P,L,X,S
T,T,P
I,N,O
I,Z,E,A
P,R,G,S
R,O,C,R,U
Q,L,T,Y
F,N,N,L,X
A,S,C,B,U
A,N,A,D
O,K,Y,O
S,N,P,O
T,C,I,I
C,S,O,D
C,E,N,F
A,Q,U,B,U
A,G,B,A
J,M,G
C,L,N,N
T,S,T,Y
A,D,N,T
L,H,I,V,U
E,L,K
S,R,G
F,W,A,B
F,M,B,H
B,A,K
A,D,M
I,B,C,A
C,V,L,T
T,R,O,N,U
H,N,V,R
M,O,B,Q
H,B,M
S,N,C
N,P,K
V,O,L,C
P,X,P
H,E,O,P
S,R,A,D
G,E,O,S
S,A,T,L
C,V,I,I
A,M,C,I,U
T,Z,O,O
M,S,S,R
M,M,E
C,R,M,D
E,L,E,C
A,N,E,T
K,M,X
S,A,F,T
P,T,M,K
I,N,F,I
R,Y,A,N
M,V,L,A
N,A,V,I
B,D,T,X
E,F,H,T
I,I,A,A
A,S,T,X
H,D,P
N,B,A,N
M,T,D,R
A,D,D
G,N,A,C
L,O,R,X
A,F,R,M
Z,I,C,A
N,D,R,A
U,L,C,C
A,T,I
S,E,D,G
T,E,F
R,Q,I
B,H,L,B
B,A
S,K,X
E,N,H
P,B,C,T
S,A,G,A
V,R,A,Y
G,D,T
C,M,O,S
P,T
O,N,D,I
P,R,S,W
Q,N,R,X
L,C,I,D
E,G,F
F,G,L
B,A,E,R
V,I,B,C
A,S,P,X
I,N,D,I
C,U,R,I
D,C,T
A,L,R,M
D,S,A,C,U
M,E,G,L
N,A,V,A
V,T,I,Q,U
N,L,C,S
T,N,B
V,T,T,I
S,L,G,N
C,O,L,D
S,H,C
H,M,I,N
K,R,N,L
T,H,M,O
K,C,S
N,O,V,T
D,L,O
T,F,C,F
A,F,S
C,P,K
R,O,C,G
P,R,C,H
C,S,L,M,U
E,Q,G,P
F,F,H,S
G,I,L,T
M,Y,C
U,C,B,A
F,C,S,C
C,C,P
V,T,O,L
G,G,A,L
T,G
T,O,O
D,I,A,N
M,O,N,D
A,P,E
C,K,P,T
B,W,A
N,X,G
J,U,P,W
I,P,S,U
V,S,P,R,U
R,X
A,B,I,O
W,Y,E
H,B,P
N,L,C
G,S,H,D
G,C
U,B,B
J,E,Q
M,R,U,S
C,E,B
F,O,E
V,R,E
I,C,U
I,K,A,R
N,B,L
D,R,A,Y
C,B,U
S,K,M
P,S,N,L
F,R,L,A,U
P,R,P,H
E,I,H,I
P,T,W,O
P,O,A,I
K,E,P
I,S,O
B,U,Y,X
S,N,P,X
C,M,T,Y
L,P,T,X
K,A,L,V
X,C,R,R,X
K,I,R,K
A,P,G,B
D,W,C,H
F,B,N,W
S,N,C,E
C,M,B,M
O,R,C,C
S,M,B,I
G,K,O,S
T,D,P
C,U,B,E
A,T,X,S
A,T,N,Y
S,P,G,S
L,E,G,C
N,E,C,B
B,N,R,G
E,L,A,S
I,L,G
W,N,C
F,F,F,B
J,C,A,P
R,C,N
A,M,S,N
G,I,M
A,A,C,G
P,F,N
F,B,P
E,F,H,T,U
A,M,D
T,A,M,S,1,0
T,M,G
N,F,G
H,C,W,B
H,O,O,D
M,I,C
R,B,L,X
B,I,D
D,F,H
F,S,R,V,U
A,F,T
B,H,C
M,T,A,C
B,M,I
A,T,T,U
O,S,B,C
R,M,G,C
C,E,N,T
M,S,A
A,T,E,C
C,A,T,Z
A,M,N,B
P,M,C,S
A,L,L,S,B
J,T,A
G,S,R,M
S,C,M,A,U
B,K,S,C
L,F,T,R,U
B,A,N,X
P,B,P,B
A,N,G,N
N,T,S,C
H,P,S
S,W,I,R
D,C,I,N
Z,R,P,T,A,X
M,N,K,D
P,B,K,S
T,L,N,D
S,A,A,S
B,G,Y
G,S,O,F
C,V,H
M,A,R,X
A,S,U,R
F,R,W,A,U
S,M,R
E,S,C
N,D,S,N
G,P,A,C
M,P,S
I,G,T
L,V,R,A
C,O,L,L
R,A,D,B
K,O,R
F,O,O,T
M,S,A,C
K,D,M,N
P,T,O,C
E,N,L,C
B,S,X,T
B,R,P,M,U
C,H,D
A,G,R,P,B
R,E,N,E,U
R,Y
H,S,P,O,U
S,U,A,I
W,R,K
C,S,S,E
W,E,L
B,R,E
V,A,C,C
F,S,E,A
E,P,N,Y
G,S,N,X
F,S,M
F,S,B,I
T,F,I,G
R,G,C,O
R,A,H
N,U,B,I
R,E,T,K
P,V,S,A
R,P,T,X
B,K,H
A,D,M,A
N,A,L,U
R,F,M,I
C,L,A,S
B,W,M,C,U
I,S,S,X
B,O,X
F,T,P,A,U
R,G,T
S,Y,L,N
A,T,O,M
T,C,R,R
P,V,T,B
W,T,M
A,L,S,A
V,V,I
A,W,E
P,A,E,T
F,C,F,S
K,Z,R
B,L,U,W,U
L,V,G,O
S,E,N,O
H,L,T
I,L,F,O
N,A,O,V
N,T,R,I
K,N,A,N
A,R,C,K,U
A,S,B,B
S,T,I,Z
F,R,L,N
H,P,G,P
N,O,C
Y,T,R,A
N,O,V,V,U
A,U,T,O
G,Z,M,O
C,W,A,C
D,S,G,N
B,A,T,R,A
O,R,O,A
C,D,M,O
G,M,V,D
A,C,C,P
P,O,E,T
K,M,B
F,O,G,D
C,F,C
E,R,J
H,M,A
A,L,N,C
R,S,F
W,H,L,M
R,M,H,T
B,O,H
A,L,Y,A
P,P,H,P
W,G,R,D
X,I,R,C
N,Y,R,T
H,O,W,L
A,X
G,E,R
K,N,A,P
C,N,B,K,A
K,M,I
F,F,I,V
O,C,A,T
F,U,N,D
F,S,P,R
S,M,C,C
O,N,X,X
N,D,N
R,C,H,G
E,N,L,T
L,I,T,E
Q,S,R
T,O,I
S,W,W,C
N,E,B,K
E,Q,D
G,P,S
C,X,O
D,P,H,C,U
C,E,L,L
T,E,N,X
I,R,M
M,M,S
L,V,B
A,S,B
T,P,B,A,U
D,W,A,C,U
A,R,C,L
E,O,S,E
E,T,N
C,O,L,T
F,B,S,S
I,A,C,T
F,N,N,A,X
M,D,C
P,T,G,X
A,N,D,E
E,B,F
S,A,M,L,E
M,F,L,O
S,G,M,L
A,R,C,B
C,K,F,R
Y,M,M
W,T,F,C
C,P,F
Q,S
C,H,U,Y
H,S,O,N
N,A,A,C,U
L,O,A,N
D,V,X,E
C,E,Q,P
S,R,P,T
G,N,L,B
D,H,L,Y,2,0
F,N,C,H
Z,N,A,V,A,X
P,R,L,B
S,A,T,S
J,R,S
A,D,B,L
L,H,A,A
I,F,R,X
I,S,L,E
H,S,T,M
H,Y,I,V,U
U,R,B,N
P,K,S,I
G,F,R
Q,U,O,T
M,E,N,D
L,E,V,I
J,O,B,S
P,G,R
T,D,C,X
F,R,S,T
M,L
A,N,D,A,U
L,A,N,D
X,P,D,I,U
T,C,N,O
L,X,R,X
P,H,I
T,R,B
B,S,A,C
I,M,A,Q
E,N,P,H
I,V,H
D,G,I,T
A,L,I,M
L,M,S,T
J,A,N
R,O,C,C,U
S,G,I,I,U
E,S,A,C
H,O,R,I,U
D,C,C,A
N,M,T
H,E,T
G,N,T,X
C,O,R,V
H,H,G,C
P,N,T
S,U,S,Q
D,X,P,E
A,L,B
P,I,K,E
D,G,L,Y
A,F,L
E,E,A
C,I,B
W,O,W
C,F,F,S
O,V,L,Y
F,S,T,X
N,T,M,V
M,E,G
M,B,N,K,P
C,V,B,F
P,L,C,E
A,E,A
P,B,T,C
B,A,M,M
P,R,P,L
K,N,X
S,S,B,I
C,O,W,N
A,L,G,R
I,G,R
R,H,H
P,C,T,T,U
S,L,V,G
C,P,N,G
M,I,C,U
V,V,V
C,V,C,I
A,U,R,A
G,T,A,C,U
I,F,O,X
B,R,Z,E
A,E,V,A
W,N,N,R
P,K,Y
L,I,M,C
G,E,G
H,R,T,G
I,G,A
N,R,I,M
S,T,X,B
G,D,O
Z,Y,M,E
B,N,C,L
W,A,L,D
B,O,X,D
C,N,I
A,G,B,A,U
S,T,E,L
R,O,V,R
Z,O,E,S
I,T,C
R,T,P,X
T,R,I,L
N,B
H,T,W,R
D,R,T,E
H,L,N,E
C,U,Z
E,E,F,T
N,B,S,E
P,L,X,T
G,T,E,C
H,R,T
H,V,B
J,O,I,N,A
R,K,T
T,V,X
Q,E,P
R,E,K,R
P,C,P,C
B,C,T,A
V,I,V,O
W,I,T
A,I,M,A,U
M,T,D
C,T,L,T
N,V,T
E,L,P
M,Z,A
P,R,D,T
D,U,E,T,U
I,N,B
F,K,W,L
A,F,F,X
P,H,T
S,A,N
S,T,S,T
N,V,S,A
F,N,F,N
B,H,A,C
A,L,V,R
C,V,G,I
N,C,V
L,G,I,H
B,O,B,E
Z,Y,X,I
G,P,S,Y,2,0
A,T,X,G
C,A,E
I,M,G,N
I,N,T,R
U,P,B,D
G,N,K
S,O,N,O
B,E,S,T
C,A,R,A
A,C,C,L
D,N,U,T
A,C,A
S,O,N,M
B,B,R
D,I,G,E
A,X,N,X
B,S,M,X
M,S,V,B
U,H,A,L
S,V,N,I,U
K,B,H
A,S,T,S
S,T,R,A
S,L,A,C,U
D,F,P,H,U
M,S,R
M,L,A,I,U
P,R
U,N,A,M
S,W,B,I
M,H,U,A
P,H,V,S
T,W,C
E,N,X,P
N,N,I
L,T,H,M
P,D,E
H,B,I,X
G,S,D,W,U
L,N,T,V
C,E,N,X
M,C,A,C
X,P,A,X,U
Y,E,S
T,V,T,X
M,E,D,S
C,O,K,E
C,B,L
I,B,O,C
H,I,L,S
A,N,C,X
C,A,T,T
S,S,P,K,U
N,U,E
N,A,M,E
F,C,A,C,U
S,C,R,X
V,A,X,X
E,N,F,A,U
G,C,O,M
B,E,K,E
C,A,R,G
S,T,M,P
B,J
T,W,N
D,T,S,I
Z,A,R,E,D,X
E,N,V,E
A,D,A,M
P,C,L,F
R,N,B,O
B,U,R
M,I,C,S
Y,R,K
S,G,D,E
G,H,Y
A,P,A,C
T,C,B,S
M,P,R,A,U
C,L,H
R,O,O,T
R,M,N,I
K,L,R
R,A,W,L
T,M,S
I,C,C,M
W,R,B
F,W,O,N,K
N,C,O,M
G,U,P,B
R,O,M,A
P,A,C,Q,U
C,A,R,M
L,I,C,B
D,R,R,X
S,E,P,A,U
P,H
N,G,L,S
P,R,S,O
H,E,S
M,O,M,O
D,S,K,E
S,P,R,C
C,A,D,X
R,G,L,D
A,C,M,R
S,N,D
E,X,A,C,U
C,S,B,K
C,T,E,N
C,I,I,G
K,M,F
I,H,R
S,G,H,T
N,G,S
I,I,N,T
A,R,I
B,G,O
F,D,J,A
H,C,C
V,K,Q
F,I,R,E
O,C,N,W
C,R,C
A,R,X
K,F,N
T,X,T,R
A,X,G,N
W,A,V,S,U
V,C,N,T
C,R,B,G
A,S,A,Q
I,N,S,I
J,H,X
G,A,M,B
T,R,H
F,L,T,X
E,D,F
N,P,T,N
S,J,T
G,A,M
E,M,E
N,T,R,T
N,A
B,F,Z
C,X,R,X,5,0
G,S,B,C
A,C,I,I
M,N,E
C,F
P,N,M
F,P,C
R,E,S,N
N,S,H,A
A,D,N,C
U,X,I,N
N,O,M,C,X
W,F,B,I
S,A,T,H
T,U,T,R
B,M,C
K,E,I
C,R,T
V,R,A,X
S,R,D,X
S,N,D,R
S,J,R
T,Z,I,X
R,D,U,S
O,N
A,V,A,C
G,L,K
I,D,N
W,D,R,Y
L,U,M,N
F,S,B,C
S,Q
S,B,B,X
T,K,L,F
F,C,B
F,S,H
T,M,H,C
V,B,T,X
E,G,L,E
P,D,G,I
S,W,C,H
U,F,S
W,I,S,A
S,C,A,C
R,S,I
I,T
C,M,C,M
Y,I
M,T,F,B
N,E,S,R
P,E,E,K
B,G,H
B,C,B,P
I,M,P,V
H,A,B,T
D,I,S,T,U
O,C,C
M,A,X,F
M,W,H,S
A,M,P,Y
B,S,N,X
D,L,C,F,F
K,Y,N
C,L,X
B,O,R,R
C,D,I,C
C,G,P
F,C,A,X
J,G
C,A,O
C,E,R,N
T,G,R
P,M,F,G
N,V,I,V
S,B,B,P
A,V,P
N,A,M,S
S,N,A
N,R
B,D,R,X
N,E,P
K,A,Y,E
V,B,N,J
E,M,B,X
F,M,R
A,S,Y,C,F
V,M,I
I,K,N,A
P,N,E,T
L,W
C,R,V,L
W,N,R
K,O,S,P
O,P,E,S,U
N,A,I,I
G,R,S,H,U
S,V,S,V,U
L,N,S,R
B,N
F,P,I
J,C,O
O,P,T,S
O,R,G,S
M,R,N,A
G,O,M,O
R,N,O,W
A,X,L
A,E,R,I
P,V,R
N,U
I,N,T,A
N,C,R,X
P,G,Z
A,Q,B
R,A,C,B
R,R,M
P,F,S
X,O,O,M
B,F,I,N
T,G,A,A
R,L,Y,B
B,F,A,C
B,I,P
S,L,B
C,L,R,K
V,I,E
K,O,P
I,P,C,C
E,X,L,S
M,A,Q,C,U
B,I,N,X
E,N,W,V
M,U,R
F,L,N,C
N,X,D,T
T,A,R
B,A,N,C
P,B,F,S
M,M,C
B,C,A,B
F,I,B,K
T,A,P
S,I,R,T
V,I,M,C
F,D,M,T
M,M,U
F,S,C,T
C,A,L,X
S,P,C,M,U
A,V,R,T
B,B,C,O
G,I,M,O
F,D,U,S
V,C,I,X
M,V,L
F,T,V,I,U
G,S
T,X,O
A,L,O,G
M,S,V,A,U
B,R,S,P
P,O,O,L
P,R,L,H
W,U,B,A
N,Z
M,O,R,N
Z,M
R,U,M
R,A,R,X
N,U,T,R
P,N,C
B,O,A
I,P,W,R
F,G,H,C
B,S,I,G
K,A,M,N
N,E,A
R,P,D
L,S,X,M,B
H,I,I,I,U
S,E,L,F
T,I,E,R
K,R,E,F
M,T,S,C
B,P,Y
H,D,B
D,N,L,I
T,Y,D,E
C,P,T,V
E,L,A,N
M,N,D,O
K,T,W,O
T,J,C,O
G,D,R,X
F,W,B,I
M,O,F,G
N,A,D
R,E,N
G,E,N,Q,U
I,M,V,T
P,B,T
P,S,S,I
R,V,S,N
V,J,E,T
A,S,X
R,O,C,C
S,A,N,A
M,G,R,C
I,B,K,C
C,M,M,B
T,E,D,U
R,O,I,C
J,P,M,X
S,N,G,X
N,G,H,C
A,C,R,E
U,N,S
I,G,D
P,C,O,M
T,B,S,A,U
M,L,A,C,U
C,E,C
A,G
J,D,E,C
C,C,S,I
I,F,B,D
Y,D,N,T
W,H
P,E,T,Q
G,Z,B,X
T,R,B,S
M,A,C,C
B,E,A,M
F,N,D,T
F,M,C,N
V,M,D
C,N,V,O
C,V,C
T,M,C,I
O,L,P,X
S,M,T,A
A,C,L,X
C,H,E,A
N,W,P,X
E,S,C,H
A,G,A,M
R,D,B
H,H,C
E,C,O,L
B,R,B,R
T,B,I
G,L,O,G
E,X,F,Y
T,A,S,K
S,T,V,N
W,H,C,P
V,E,R,Y
O,K,E
S,I,T,E,Q
J,L,K
N,H,L,D
B,L,W
C,P,A
M,E,R,B
T,M,C
T,H,R,M
V,D,N,T
I,V,V,D
W,L,R,F
S,H,U,A,U
D,O,C,U
S,R,C,E
S,P,C,E
G,P,R,E
C,I,F,R
B,W,C
R,A,I,L
S,T,C,N
N,E,O,N
T,I,G,R
D,B,X
M,T,S,N
N,E,A,T,U
C,E,N,N
N,L,Y
Z,I,P,I,M,X
A,T,I,F
B,K,T
S,N,R,H,U
P,S,A,G
S,A,N,B
T,B,M,C,U
M,M,S,I
K,I,M
S,S,T,K
S,A,L,E
T,M
Z,H
A,C,S
R,E,G,N
T,R,E,V
B,R,A,C
D,E,R
C,E,B,C
A,Q,N,T
G,F,G,D
Z,W,R,K
G,F,I,S
O,S,W
L,I,L,M
C,P,A,R,U
C,O,O,L,U
L,V,O,X,U
E,S,S,T
I,N,A,G,Y
X,Y,F
A,L,T,U,U
M,R,E
E,C,O,A,U
B,I,T,A
B,Z,B,C
C,A,R,B
C,Z,Q,D,1,0
S,H,S,P
A,R,Y,B,U
A,E,T
M,H,X
V,A,L,U
K,W,D
A,F,I,S
P,K,Z
A,M,F,H
T,Y,R,A
N,K,B,P
T,O,M,O
E,P,H,Y,U
C,F,I,V
W,M,K
B,G,R,Y
V,R,S,K
G,S,Q,D
F,A,R,O
A,S,R
S,P,I
A,L,J
A,R,C,E
M,G,U
L,K,V,A
J,R,V,R
Q,V,D,X
U,G,R,O
S,P,S,X
I,C,N,C
S,C,G
S,I,C
A,N,T,P
H,A,L,O
V,B,I,V
U,F,M,C
A,T,E,K
Z,A,I,R,I,X
I,T,W,O
G,N,U,S
M,O,I,L
C,M,C,A,U
T,H,T,X
L,O,B
V,C,X,A,U
M,O,B,V
S,N,R
G,T,Y
O,C,I,P
H,K,I,T
D,I,S,C,B
S,T,E,W
L,C,Y,A,U
F,L,Y,R
M,H,G,C
W,S,G
J,K,S
G,F,A,I
E,S,B,K
S,U,M,X
A,D,Z,A
N,E
C,E,M,X
I,K,A,N
T,R,U,K
Y,J
W,P,C,A
A,S,E,C
P,A,C
T,H,T,L
M,P,X
X,C,U,R
N,U,S
A,N,F
E,R,S
M,U,R,F
C,F,B
O,Z,K
I,A,R,T
W,G,B,S
D,E,C,I
D,F,Z
D,X,R
N,S,P,K
A,K,U
B,I,V,I
V,R,I,O
S,M,T,L
T,N,O
N,P,A,U,U
F,V,B
O,W,L
T,H,E
S,C,P,H
L,E,D,G
J,W,A,C
G,O,O,G,L
C,S,F,L
I,C,L,R
C,M,B,C
H,Z,N,P
A,S,T,S,F
H,C,A,R
E,H,I
G,I,W,W,U
N,W,H,M
T,P,L
F,R,P,T
R,I,V
V,O,R,B
W,G,O
L,P,G
T,T,M
G,L,S,T
M,A,P,S
Q,R,H,C
V,Y,S,I
J,A,S,O
M,O,D,D
S,Y,N,C
B,E,E,F
C,I,O,N
M,T,I,X
G,F,F
P,R,O,Q
L,H,C,A,U
M,C,W
M,F,G
C,G,R,M
F,S,C,I
A,A,P,L
T,B,P,H
P,R,C,P
C,B,A,T
B,B,G,I
O,C,R
C,P,X
P,A,V,S
T,H,O
P,N,N,T
C,E,L,Z
A,S,F,D
E,F,S,C
N,T,C,O
C,M,U
S,Q,S,W
C,L,M,S
O,P,F,I
C,P,T,I
H,M,T,V
L,A,B,L
E,Q,I,X
N,I,U
I,N,R,G
C,E
C,V,L,G
L,O,M,A
W,V,E
A,H,P,A,U
S,Y,N,A
N,O,V
C,N,H,I
W,K,H,S
A,R,C,X
F,L,U,X
A,B,U,S
B,K,E,P
I,P,O,D
B,K,N,G
G,B
F,I,C,O
H,O,O,V
P,U,R,W
V,S,T,A
C,C,A,I,U
S,O,V
B,X,L,T
A,F,S,C
V,T,E,C
Z,U,M,Z
F,R,C
T,L,C,X
L,V,O,X
T,E,A
Q,H,G,I
C,A,S,H
G,E
P,S,A,V
C,H,W,Y
W,E,T,G
R,E,Y,N
U,C,T,T
O,N,T,X
O,N,C,R
K,O,D,K
M,A,N
S,P,T,R
C,M,S,V
K,S,M
S,T,W,D
L,C,C
M,D
M,R,V,I
S,A,G,A,U
B,H,P
H,Y,S,L
H,I,H,O
H,T,H,R
T,S,S,S
I,N,T,D
N,M,I,L
S,P,T
P,L,U,S
E,V,G,R
W,S,F,S
S,C,E,M
I,M,A,B
G,I,I,I
F,N,K,O
G,S,E,V
C,R,Z,O
S,K,I,N
L,P,C,N
O,S,C,A
A,I,M,D
C,N,L
R,T,I
D,T,O,C
H,T,L,F
F,R,M
V,T,N
I,Q,I
M,C,K
V,G,A,S
B,C,H
N,S,C
I,N,S,W
A,B,G
L,Z
T,L,K
L,I,V,N
U,N,E,W,Y
G,W,P,H
I,M,V,T,U
T,E,T,E
C,C,C,C
A,T,K,R
F,S,L,Y
I,N,T,C
S,B,E,T
D,B,V,T
M,E,T
M,B,S,C
A,P,C,X
S,U,I
R,W,T
C,C,K
C,S,X
V,I,T,L
G,O,G
E,M,L,D
M,N,P
A,P,P,H
A,F,R,I
C,M,L,T,U
Q,G,E,N
A,C,B
W,E,B,K
P,F,W,D
T,P,C
A,Y,X
M,O,N,C,U
C,L,V,T
P,Y,P,L
M,V,I,I
H,M,H,C
L,S,E,A
F,R,S,G,U
W,M
M,E,O,A
G,N,E,T
T,V,T,Y
P,O,L,A
S,X,C,P
K,F,R,C
L,E,A,P
W,Z,R
G,H,L
A,A,A,P
I,O,N,C,Y
B,N,I,X
A,N,L,G
E,I,G,R
O,M,T,R
V,L,C,N
C,M,P,O
H,I,F,N
S,P,C,M
C,O,D,X
A,V,A
A,W,A
R,D,W,R
C,N,S
C,Y,C,L
M,N,S,B
A,S,N
X,E,L
B,R,I,O
M,L,X,A,U
M,A,X,N
I,M,T,E
E,N,Z
T,R,E,C
C,A,L,C
O,R,B,Z
P,O,T
C,O,N,N
S,I,R,I
U,C,M
M,A,T,W
E,N,S,I
H,E,R,B,A
S,O,G,O
G,I,I,X
I,M
T,V,A,C,U
A,S,A,I
C,Y,T,O
K,F,S
B,W,L,D
M,D,P
A,L,L,G
I,N,T,E
N,C,S,T
N,T,P,A
A,C,O,M
I,S,A
P,C,A,F
A,S,C,B
N,L,C,I
N,T,C,T
E,Q,Y
P,S,M,I
T,H,M,D
L,M,D,X
H,U,G,S
S,A,N,G
A,T,M,I
M,U,J
C,E,T,U
A,U
E,T,G
L,I,L,A
T,S,N
P,R,R,G,1,0
B,G,R
W,S,T,N,A
E,T,A,C
T,B,C,C
T,G,A,A,U
S,S,T
C,V
E,Q,C
I,P,S,W
C,R,M,T
B,Y,T,S,U
P,I,P,R
O,R,G,N
M,A,D,B
W,M,Z
T,P,H
A,H,G,P
H,O,T
W,R,D
T,N,P
S,R,T
A,C,A,H
F,O,G,O
S,O,S,H
H,M,N,R,1,0
R,U,S,H,A
H,U,M,A
O,A,K
E,S,N,T
A,M,K,R
P,C,O,R
M,N,O,V
G,L,P,G
V,O,X,X
P,R,D,S
A,N,D,S
R,P,R,X
P,R,G,X
G,O,S,S
D,A,B,R
L,I,V,E
A,V,Y
G,F,L
E,C,A,C
A,R,C,K
O,W,W
I,O,N,S
P,C,Y,G
U,S,A,K
J,X,J,T
S,I,R
R,N,S,T
G,T,B,P
M,C,H,X
A,P,A,M
A,A,O,I
F,S,I,N
A,A,C,P,U
G,Y,R,O
M,M,T
D,I,O,D
I,N,S,G
M,C,D,T,A
E,A,C,Q
D,D,D,P
F,R,H,C
O,X,M
I,N,T,E,U
S,C,H,N
A,C,B,A,U
E,U,R,N
G,S,B,I
L,P,S,N
C,L,F,D
T,P,G
M,X,C,T
X,E,R,S
Q,A,D,B
R,M,B,L
F,T,C,H
P,D,C,E
S,E,P,G,U
F,O,R,R
C,O,G,N
A,N,D,W
A,M,X
D,M,T,K
J,R,B,K
R,S,L,S
I,G,I
C,C,G
A,S,P,M
W,S,T
V,A,N,I
D,I,S,A,U
A,R,V
C,O,O,P
N,Y,N,Y
P,L,A,N
S,B,I,I
F,E,X,D
K,S,U
A,D,Y
M,S,B,K
A,P,P,X
C,D
K,M,D,A
C,S,V
L,V,A,C,U
X,X,I,I
E,D,N
B,C,S,B
D,E,S,P
W,M,S
Z,P,I,N
A,L,E,C
D,I,S
D,L,M
R,V,N,C
N,R,R,D
F,I,N,W
A,V,N,X
K,N,T
T,E,C,U,A
D,A,L,S
F,N,V,T
I,N,M,B
C,X,A,I
I,N,R,X
B,W,A,C
E,N,L,K
C,L,L,S
S,H,W
C,I,D,M
M,S,G,N
B,C,C
P,R,E,S
M,T,B
O,V,R,L
D,M,O,B
H,U,B,C
T,I,L
G,D,S,T,U
L,A,E,C
I,W,A
B,I,O,S
S,F,I,X
M,Y,O,K
S,I,B,N
A,S,Y,S
O,T,E,C,U
A,A,M
M,M,L,P
T,L,C,T
R,B,N
L,P,N,T
J,H,F
R,O,M,E
M,N,S,O
A,G,A,C
N,O,D,K
P,N,T,G
S,W,L,H
R,M
T,I,E
A,S,F,I
P,S,T,G
Z,D
P,D,S,B
C,B,M
D,O,M,A
N,U,F,O
S,P,R,D
C,A,M,P
N,X,T,M
A,K,U,S
R,R,R
V,T,A,L
M,R,S,N
A,C,N,T
C,L,D,B
D,O,U,G
H,S,Y
K,K,R
S,W,S,S,U
F,C,R,D
A,L,A,B
C,T,I,B
E,X,A,I
C,L,C,T
S,R,L,S
S,T,A,F
I,H,D
M,T,T
O,C,R,X
M,P,C
B,B,V,A
R,E,X,R
H,F,F,C
E,N,M,C
X,E,T,A
J,L,S
F,F,F,L
I,F,C,N
B,F,I
I,R,F
T,O,W,N
C,H,W
F,A,N,G
H,C,I,I,U
R,V,W,D
T,C,G,I
B,T,E
T,I,V,C
S,N,T,I
F,O,A,C,U
P,A,T,I
M,G,I,H
B,E,R,W
S,T,M
S,C,O,B,U
N,P,S,P
F,L,N,T
A,P,T,M,U
X,E,L,A
A,F,S,I
F,O,M
O,B,N,K
S,M,T,C
E,V,H
V,Q
S,Z,Z,L,U
S,A,L,M
H,R,S,H
C,B,M,G
L,Y,R,A
C,A,D,A
A,A,M,E
A,S,P,A
N,S,I,G
W,H,R
N,U,A,N
L,I,Q,T
W,D,N
B,O,X,L
I,R,E,X
R,N,D,B
E,T,T,X
T,R,N,R
Y,F,E,D
N,E,X
V,A,C,Q,U
F,S,F,G
M,Y,M
G,F,L,S
B,M,R,A
A,T,A,T
P,R,P,C
D,R,O,V
A,L,D,N
C,M,C,T
D,S,M
I,I,F
R,V,R
S,R,R
A,G,G,R,U
L,X,F,R
D,R,I,I
H,P,C,O
M,L,S,T,U
A,N,C,B
H,V,B,C
A,N,P,C
I,G,A,C,U
F,R,L,A
Z,N,T
A,G,N
T,P,Z
I,O,M
P,C,G
E,V,R
S,L,X,A
B,A,X
C,V,T
S,N,I,C
A,D,V,S
C,B,M,X
S,C,I
S,O,P,A
Y,A,K,C
O,X,F,D
S,P,K,B
A,Q,M,S
F,I,N,B
S,C,U
Q,O,M,O,U
U,S,L,M
I,P,I
M,F,H
Z,I,N,G
A,P,O,G
O,M,G
A,E,S
H,I,X
B,Y,B,I
V,S,T
V,E,C,O
F,C,H
N,T,R,P
I,Q,M,D,U
K,M,T
H,C,C,I
S,T,O,N
P,M,T,R
P,L,P,T
I,W,O,V
S,T,N,G
I,R
A,H,L
G,P,K
H,F,G,I
Q,S,I
D,F,G
F,B,M
R,E,V,E
R,N,G
S,D
W,I,N,T
D,I,A,X
S,H,C,A
T,B,O,W
I,V,I,A,F
T,R,S
B,F,H
H,I,I,I
J,Z,X,N
D,Q,E
B,T,O,G
S,N,S,E
L,A,Z,Y
N,E,X,A
L,H,M,S
M,R,X
F,R,X,B
M,I,N,M
C,O,A
C,S,E
T,A,V,A
E,S,L,E,Y
P,R,F,X
D,E,R,M
I,M,P,R
N,V,X
Q,A,D,A
S,D,G,R
P,R,V
I,R,M,D
C,R,O,X
T,B,R,A
S,A,N,D
H,Q,I
N,X,P
S,V,C
A,L,P,A
B,C,L,I
C,P,L,P
P,E,T,M
E,D,T,X
G,B,T
J,C,E
P,A,L,I
V,C,Y,T
N,S,T,D
I,N,K,P
A,R,D,I
R,D,N
H,O,F,F
K,S,W
N,V,S,L
M,E,T,A
L,R,F,C
T,F,S,M
K,K,D
P,O,W,I
A,R,R,W,U
I,P,H,S
A,R,D
T,Z,A,C,U
B,O,Y,L
C,R,N,C
B,S,E,T
C,I,N,C
O,S,T
C,B
Y,I,N
A,N,G,O
G,B,R,G,U
A,L,O,H,A
C,H,U,X
H,I,L
O,C,S
P,Y,P,D
I,N,Z,Y
P,N,T,K
F,M,D
X,P,R,O
C,I,G
H,L,A,H,U
S,U,R
A,R,B,E
F,P,R,X
L,S,I
A,T,C
D,M,R,C
U,H,S
F,M,T,X
I,F,F
R,S,V,R
S,C,I,C,U
P,L,P,C
P,S,E,C
E,Q,H,A
I,N,C,B
X,U,E
R,I,G
C,H,H
S,W,F,T
A,V,D,L
N,G,G
V,S,N,T
E,P,H,C
A,O,D
S,B,S,I
A,C,O,N
W,E,A
F,N,C,B
T,C,M,D
D,C,R,D,U
W,P,P
D,H,T
D,U,O,T
G,Y,M,B
R,E,V,H,U
W,S,C,I
S,C,R,T
J,S,B,A
C,N,D,B
W,W,A,V
A,R,L,P
W,E
M,Y,K
A,W,P
S,V,I,I
E,P,I,C
N,P,N
S,C,C,O
H,T,X
U,S,F,S
E,D,E
T,T,D
O,S,T,R
E,G,A,N
H,O,V
O,P,T
G,R,T,X
S,G,H
P,M,N
G,R,O
A,I,B
Y,E,T,I
E,N,L,V
I,B,I
A,N,I,P
C,L,W,R
G,G,A,A
E,L,O,N
G,P
C,B,U,K
M,T,N
L,I,B,Y
B,G,S,F
P,O,N,O,U
E,B,S,C
A,H,R,N
B,D,Y
M,O,T,A
N,C,Z
C,O,R,T
B,T,I,C
H,I,W
A,P,L,D
G,G,Z
V,P,G
T,R,C,R
C,N,M
S,Y,N,O
C,C,L,D
F,I,V,N
T,W,L,O
D,L,N,G
S,H,P,W
I,S,T,A
F,N,B
R,O,C,A,U
P,G,E,M
Z,G,E,A,D,X
Z,K,I,N
A,M,P,S
A,A,O,N
C,P,U,H
O,C,F,C
D,R,M,A
W,L,M,R
J,D,D
R,U,T,X
E,W,T,X
Z,B,R,A
S,P,P,I
A,A,Q,C
O,P,A
P,N,R,G
D,E,N
P,G,E,N
R,H,P,S
T,H,C,P
A,V,O,L
Z,F,O,X
H,C,I
R,F,P
A,X,C,A
P,E,B
E,N,F,C
D,D,L
A,F,A,Q,U
N,V,O
A,S,C
H,K,D
G,N,E
F,M,I,V,U
K,R,S,C
H,Y,M,X
C,M,R,E
R,N,P
P,A,Y,O
H,T,O,O
G,W,R,E
C,E,M,I
F,H,C,C
A,R,A
S,E,P,A
N,E,T
Q,E,L,P
P,L,A,O
A,P,H,A
H,M,C,O,U
L,V,R,O
D,C,B,K
T,R,G,A
N,U,H,C
K,M,A
I,K,T
P,B,A,X,U
B,L,B,X
F,L,R,Z
T,H,I
C,O,S,M
M,T,C,H
S,O,M,X
S,W,S,I
J,H,S
E,C,X
A,R,B,K
C,O,R,S
R,X,T
C,W,E,I
I,P
H,U,B,B
B,G,E,N
N,H
K,W,M,X
M,N,T,V
D,O,C,X
D,I,R
C,M,K
U,L,T,I
I,O,T,S
M,R,D,B
V,G,N,X
C,R,N,S
B,Y,H
H,U,M,C,U
K,E,Y
R,P,A,Y
D,X,C
A,C,K,I,T
N,C
B,E,L
W,D,C
O,U,T,R,U
O,T,F,C
C,R,H
C,A,P,A,U
C,N,D,A
G,I,W
U,S,A,C
Z,N,A,V,I,X
S,L,C,R,U
O
G,R,O,V
C,H,C,I
C,L,O,E,U
B,T,C,Y
B,Y,N,O,U
A,H,I
S,T,O,R
O,B,I,O
Z,A,G,G
S,T,R,L
M,C,B
B,I,M,I
G,M,C
S,Y,G,R
D,D,O,G
S,D,C
P,M,C
A,M,S,G,B
H,M,N
R,T,V,A
T,R,I,B
O,X,Y
S,M,T,I
N,V,D,M
J,H,A,A
P,M,T,I
W,I,M,I
I,I,P,R
H,Y
B,L,D,R
U,S,S,C,U
T,I,S,A
U,A,M
A,C,G,L
H,F,B,C
C,E,A,D
C,N,R
B,G,S,X
E,N,C,D
K,E,Y,S
M,H,L,D
T,N,H
W,L,Y
T,R,O,O
B,B,Q
N,T,Y
D,A,D,E
E,N,V,Y
I,C,O
F,U,R
D,O,V,A
I,M,M,R
N,T,L
B,B,R,G
X,B,I,T
T,N,Y,A
U,I,S
A,R,C,T
O,S,I
L,D,L
T,N,T,X
I,T,A,Q,U
C,K,P
M,I,L,E
C,F,F,S,U
D,X,Y,N
C,C,I
D,F,F,N
N,G,M
S,K,Y,M
K,N,X,A
N,A,V,G
I,T,U,B
K,Y,C,H
P,O,G
C,L,W,T
M,D,R,R
V,G,M
D,Y,A,I
B,F,A,M
G,H,V,I,U
Q,D,R,O,U
K,A,C,L,U
W,K,S,P
I,N,S,T
L,O,W
A,R,T,E
S,C,N,Y,B
A,G,O
P,F,L
P,E,B,K
W,I,C
R,M,T,R
S,B,I,G
N,M,M
T,N,D
X,P,O,N
A,M,W,D
G,M,D,A
O,A,B,I
F,T,E,L
O,M,E,F
N,U,M
E,E,Q
E,P,L
S,V,L,F
U,S,X,X
T,R,N,O
L,G,A,C,U
A,R,E
A,X,T,I
F,L,N,G
G,C,P
H,U,M
C,N,D
C,H,P,T
F,R,P,H
J,A,Q,C
V,R,E,X
H,S,D,T
W,I,N,G
N,X,T,L
W,L,H,N
S,N,N
B,R,S,H
C,N,T,Y
A,L,A,C,U
B,W,A,Q,U
S,S,A,A
G,W,R
M,E,N,T
C,L,P,S
P,T,E,N
V,B,L,T
M,S,F,T
N,H,T,C
T,L,I,O,Q
D,I,L,A
C,L,D,T
D,I,N,E
M,R,V,C
K,B
I,P,A,R
S,S,A,G
G,X,D,X
A,R,M,K
U,T,A,A,U
P,T,P
K,A,I
V,I,O,T
I,M,A,X
B,R,A,C,U
M,G,I
P,M,V,A,U
R,C,A,C,U
L,N,T,H
C,L,N,E
T,N,O,X
A,I,U
C,O,L,B
S,Q,B,K
D,C,A,I
P,L,N,T
M,A,T,V
T,R,A,K
I,P,C,R
K,M,P,R
E,K,T
P,P,G,H,U
F,R,E,Y
I,M,N,X
T,M,E
B,W,P
K,S
K,I,D,D
E,L,N
I,T,R,I
S,K,Y,X
E,N,N
M,F,V
O,K,S,B
S,T,E,P
B,A,N,F
E,Q,S
L,M,N,S
S,M,M
R,O,L
S,V,I,I,U
R,A,M
V,I,P,S
V,O,R
T,B,D,I
T,S
R,E,F,R
C,A,M,Z
I,C,M
J,J,S,F
M,S,D,A
P,E,G,S
T,D,C
M,S,P
S,M,P,L
N,G,Z
D,K,D,C,U
V,M,A,C,U
Z,Y,N,E
F,S,S,I,U
B,W,A,Y
C,O,G,T
A,J,G
I,E,P
I,L,N
R,M,K
B,T,O
Q,T,T
B,M,R,C
A,E,O
T,A,L,O
A,E,L
S,I,L,C
C,F,S,B
G,L,B,L,U
K,N,S,Y
M,N,T,K
S,B,U,X
F,L,I
S,J,I
M,D,X,G
A,N,H
N,N,C,I
G,T,W
C,M,E
S,B,Y,N
F,O,L,D
A,N,D,X
D,T,S,X
O,P,T,K
T,K,L,C
K,X,I,N
T,H,C,P,U
P,K,G
G,O
N,D,L,S
F,T,S,V
Z,O,N,S
A,R,X,X
S,C,I,B,U
C,V,D
K,E,L,Y,A
C,R,S,R
F,N,F,G
A,R,T,W
P,L,T,N
T,C,R
P,E,T,Z
S,M,C,I
H,U,D,I
L,T,H
T,G,T
A,L,P,N
R,O,C,L,U
W,K,E,Y
D,G,O,N,U
E,X,D
R,M,T,I
C,T,I,C
D,B,T,X
E,Q,R,X
D,N,B,F
C,R,D,F
A,X,S,M
T,L,X,N
G,V,C,I,U
Z,G,Y,H
N,F,J
L,B,C
T,P,G,T
U,S,A,U
H,P,C
R,S,T,O
S,W,X
B,L,N,K
C,X,M
C,T,O
K,A,I,R,U
F,E,T
D,L,L,R
V,C,S,A
J,O,R
R,C,F,A
H,G,I,C
G,B,C,I
M,C,A,D,U
M,C,M
G,D,H,G
S,S,I,C
O,C,S,L
S,F,S,F
L,H,O
P,R,V,A
G,A,N,X
F,L,O,W
C,B,F
T,W,N,I
B,B,D,O
N,S,M
N,Y,F,X
P,F,S,I
L,I,F,E
N,T,O,L
L,B,T,Y,B
A,L,I,T
P,E,S,C
F,T,E,V
T,B,C,P
A,G,A,E
V,R,A,D
L,S,B,X
G,S,D
D,T,F
C,S,C,X
S,A,G,I
R,X,S,T
B,I,O,T,U
P,A,Y,X
S,P,M,T
T,B,W,C
V,S,C,N
V,T,S
L,O,A,C,U
H,S,K,A
C,N,T,Q,U
A,T,X
U,T,X,O,U
S,S,R
A,D,S,C
M,P,R,A
M,S,O
U,S,O,N
S,F,S,W
J,P,T
A,F,A,Q
Q,U,I,X
V,R,T,X
F,C,T,Y
F,T,L,K
H,B,G
S,G,T,X
B,L,O,G
P,H,K
F,S,K
K,B,A,L
W,S,O
R,S,G
E,X,P,R
G,O,G,O
B,Y,I
S,Z
W,E,D,C
C,N,P
A,G,N,C
R,O,C,K
C,O,N,X
R,X,D,X
C,P,H,C
O,R,P,C
V,P,C,B
D,X,L,G
R,O,A,N
E,L,O,S
W,A,F,U
C,I,M,A
O,V,V
H,P,T,X
E,S,E,A
C,E,V,A,2,0
I,R,A,A,U
A,P,C,A
C,I,A
A,D,S,I
J,W
S,E,V,N
L,N,C,R
S,S,S,S
T,E,G
R,W,O,D
V,I,C,I
P,A,L,X
M,G,M
B,O,Y
M,I,E
D,T,P,I
S,L,H
M,V,B,F
M,A,T,H
A,S,V
A,C,F
C,M,I
G,T,L,S
L,N,N
A,M,H
I,P,A,S
F,U,B,O
S,H,L,M
L,S,B,G
S,V,G,R,1,0
S,B,A,C
D,H,C
M,S,T,I
B,W
M,G,Y,R
V,T,N,C
D,X,C,M
H,U,D,A,U
A,N,B,C
U,T,E,K
L,I,F,C
C,U,E
Z,I,P,I,A,X
V,W,T,R
F,C,G,I
C,U,B
L,S,B,K
M,F
O,N,L
F,X,L,V
A,P,L,S
E,N,E,R,U
C,T,R,X
X
K,E,D
V,I,R,L
A,T
S,O,L
B,T,A
V,Q,S
O,M,Q,S
M,S,G,M
O,M,R,I
P,S,T,A
B,R,K,H
B,R,K,H,U
B,N,K
B,L,U,E
S,N,O,A
D,B,T,K
P,X,D
N,T,W,K
C,A,P,R
B,U,I
B,R,K,L
P,A,A
Q,F,T,A
B,S,T,E
S,C,T,L
C,O,L,I,U
B,T,C,M
O,R,B,C
L,T,B,R
C,B,I,V
N,V,A,C
G,M,W,X
A,T,R,S
F,N,G,B
N,R,T
T,I,V,O
S,U,P,X
F,X,E,N
P,E,C,O
C,B,B
A,N,Z,U,U
S,G,R,Y
C,O,L,M
D,Z,S,I
S,Q,F,T
P,N,A,C
O,V,E,N
M,D,A,S
I,M,P,L
C,Y,C,C
D,A,O
G,P,F,I
Q,I,W,I
S,M,M,X
C,I,M,T
R,N,G,R
S,K,Y,W
S,C,R,M
I,A,A,I
A,O,M,R
X,P,D,B,U
M,E,S,A
P,B,I,P
L,O,G,C
A,M,T
C,G,B,D
A,S,C,A,U
M,N
B,J,S
N,B,S,I
W,P,X
S,V,N,A,U
B,R,E,Z
D,M,A,C
T,C,S
D,O,V
F,A,Z,E
A,L,S,A,U
Z,T
S,N,A,X
O,I,L,T
W,R,A,P
D,K,L
F,A,D,V
H,A,V,Y,2,0
K,E,R,N
D,T,C
C,J,B,K
P,L,X,P
A,C,C
G,L,R
G,C,M,G
B,B,R,X
G,D
A,D,O,C
B,F,S,T
I,O,A,C,U
G,B,B,K
G,L,O,B
S,C,S
D,R,I
B,L,N,G
C,B,I
P,K,O
A,G,M,H
E,Q,U
T,I,B,X
S,B,C,P
B,W,F,C
O,I,I,M
F,R,N,K
S,U,M,A
K,I,D,S,2,0
E,V,R,G
N,S,C,N
B,W,E
T,S,C,O
T,S,A,T
W,L,L
L,F,T
S,M,S,A
N,W,E
C,I,V,I
S,G,P
S,O,F,O
U,A,N
C,O,P
X,T,L,Y
A,R,R,Y
F,E,N,G
E,I,D,X
M,O,B,I
P,A,C,W
V,T,X
H,S,A,I
C,F,F,I
F,U,E,L
B,S,T,C
D,L,B,I,E
E,X,C,O
A,M,R,N
L,O,C,L
P,N,F,P
S,S,T,I
J,Y,N,T
W,E,S,T
O,P,E,N
G,A
P,G,T,I
H,U,R,C
C,S,R
U,N,P
D,R,S
M,N,P,R
F,R,F
H,P,B,C
A,L,D,X
E,V,C
I,D,S,A
S,E,C,O
D,O,C,C
N,R,P
B,R,D,S
A,C,D,I
T,N,F,I
C,G,R,B
S,P,L,H
C,B,H
H,M,P,T
P,R,M
B,F,O
C,A,H,C,U
M,R,K
B,F,R,M
M,O,O,R,Z
Z,Y
O,B,A,S
A,D,X,N
G,G,G,V,U
G,B,A,B
G,E,O,X
S,T,B,Z
B,N,G,O
E,E
C,M,C,O
B,A,N,D
I,N,O,D
T,B,H
V,E,E,V
D,N,M,R
E,G,G,F
F
E,V,A,X
M,A,I,N
D,I,V,X
R,W,L,K
A,V,N,U
S,C,V,L
S,L,F,I
L,A,B,P
C,R,S
C,I,A,N
I,I,I,I,U
H,I,T,T
S,M,N,S
V,P,F
C,O,L
A,M,Q
M,R,R
M,C,A,C,U
C,F,F,N
O,T,M,O
C,B,F,V
B,R,F,S
U,S,C
N,B,R
U,S,I,H
S,E,A,T
N,T,C,R
A,L,E,X
C,C,T
I,C,F,I
U,V,S,P
E,D,T,X,U
E,D,S,A
P,L,O,W
Z,E,P
I,N,T,G
F,P,O
A,L,O,T
C,A,A,P
S,C,R,M,U
N,W,S
O,Z,O,N
O,R,N,G,Y
C,N,O,B
I,P,G
W,X
A,M,R,S
P,N,P
P,S,S
P,G,L
I,C,L,K
G,P,P
T,A,L,X
H,M,S,V
I,T,N
B,F,R,G
E,J,F,A,U
O,C,C,I
M,E,P
S,P,L,K
P,A,T,H
P,T,R,Y
J,A,X
T,R,B,N
M,S,G,S
S,A,V,B
C,W,B,R
N,B,B
I,S,O,T
W,P,T
C,D,E
A,P,U
P,O,S,H
A,P,M,I
I,B,E,X
D,O,M,Z
A,D,S,K
G,S,U,M
C,Z,W,I
S,H,Q,A
N,B,R,V
K,C,I
I,C,E,L
Z,E,U,S
F,I,A,C
A,R,X,T
C,G,A
F,R,A
N,V,S
E,X,T,R
J,L,C,R
P,A,G,P
V,Y,G,R
C,H,P,M
J,Z
C,D,A,K
A,P,P,S
P,I,N,S
V,L,C,T
S,N,B,T
S,G,X,P
C,K,H
J,M
M,I,X,T
C,L,K
U,R,O,V
B,X,M,X
E,V,B,G
L,J,L,B
L,P,L,A
V,P,C,B,U
P,S,A
R,E,L,X
B,O,T
Z,T,S
L,N,K,D
V,M,C,A
M,T,W
R,E,G
J,A,D,E
U,P,W,K
H,Q,H
M,E,M,Y
T,E,T,C,U
A,M,S,W,A
A,V,H,I,U
K,A,R
B,T,H,S
C,O,U,P
C,R,I
C,M,D
G,L,S,I
N,D,B
N,Y,T
Y,E,L,L
A,G,C,U,U
V,C,N,X
F,M,S
C,B,Z
E,O,C,A
H,Y,G,S
A,U,R,V,U
R,O,A,D
T,D,W
O,D,F,L
M,E,S,O
V,S,M
B,D,J
A,E,P
H,C,T,I
B,G,C
A,L,P,S
J,W,E,L
A,K,I,C,U
F,R,G
L,M,B
B,Z,M
A,G,R,P,A
C,J
A,S,L
L,K,F,N
A,S,M,B
F,C,F,P
M,W,E
N,P,T,E
K,R,G
G,P,C,R
P,S,M,T
D,G,I
G,F,Y
T,I,F
M,M,W,W
N,F,E
R,B,C
V,R,P,X
N,N,D,M
E,T,N,B
R,A,X
G,O,S,B
E,V,S,T
A,M,C,R
N,O,A,C,U
T,G,L
G,H,I,V,U
M,B,I,O
M,D,V
U,I
M,D,V,N
V,C,E,L
S,R,R,K
P,M,A,C,U
I,I,I,V
S,E,E,D
N,O,A,C
A,M,R,C
O,W,L,T
A,K,C,A
D,I,R,X
U,A,L
C,P,N,T
B,N,B,N
E,R,O
F,T,O,C,U
I,M,S
U,P,H
W,C,G
P,C,L
L,A,S,R
C,V,E,O
O,C,A,X,U
I,T,A,C,U
T,A,S,T
D,F,H,T,U
I,E,X
C,O,V,S
R,B,N,C
P,W,P
M,O,C,O
A,P,A
I,M,R,X
N,E,W,S
F,C,L,X
E,D,G,R
I,L,A,C
X,P,O,F
A,R,D,N,P
B,P,T,S
L,E,V,L
T,C,I,V,A
T,R,U,E
V,M,C
V,I,T,A
E,L,T,E
Q,E,P,M
S,P,R,B
L,D,O,C
P,B,K,B
D,A,R,A
A,C,L
T,P,C,O
P,R,B,Z
F,L,T
J,D
E,B,O,N
T,B,F,C
U,S,H,S
H,L,I,O
X,P,O
D,R,Y,S
G,P,O,R
A,E,P,I
C,M,A,X
H,M,S,T
T,G,X
V,L,T,A
F,M,I
D,N,A
H,N,S,T
D,D,I
N,C,A,C,U
A,V,A,C,U
O,I,A
C,L,F
E,U,A
J,M,B,A
B,E,D
Y,O,K,U
F,I,N,V
A,R,I,A
F,F,B,I
U,S,A,D
S,U,R,W
S,N,D,K
P,G,Y
G,G,X,Y
S,H,A,K
S,X,N,B
B,S,T
N,B,A,C,U
G,B,I,O
V,R,S
O,L,I,T
P,M,L
G,L,D,C
S,H,E,L
G,L,S
U,N,H
C,F,M,S
N,L,T,X
M,I,G,P
S,P,C,H,B
H,P,Y
N,N,Y
M,R,O,E
A,G,R,X
J,M,P
B,G,R,H
P,R,O,A,Q
R,P,X,C
F,S,A,C
N,E,T,G
G,I,G,X
P,M,I,L
T,A,Y,C
P,A,I
R,Y,A,A,Y
O,P,O,F
N,O,R,D
P,D,L,B
M,A,S,I
C,C,B,T
E,F
C,O,I,N
T,R,U,V
T,M,T,A
S,V,N
R,S,S,S
T,C,I
H,E,P,S
A,I,T,P,U
G,T,P,A
Z,T,A,Q,U
D,N,A,B
S,I,D
G,L,S,T,U
B,Z
H,B,F,W
B,T,F,G
B,B,O,X
A,D,B,E
V,C
B,M,A
F,T,A,A
V,R,T,S
A,R,V,L
L,S,T,Z,A
I,N,L,Q
V,A,S
M,Y,N
R,D,A
C,F,N,L
H,A,K,I
V,S,T,O
B,F,S,B
R,N,X,T
C,T,B,I
M,R,E,O
P,W,R,D
N,V,R,O
T,E,K
F,A,T,P,U
A,P,L,E
I,N,V,E
C,H,D,N
A,P,D
U,V,V
O,P,L,K
B,K,K
W,A,V,D
D,Q
X,C,R,A
T,W,B
P,T,C,T
A,B,A,X
F,V,N,B
A,N,V,S
C,U,K
V,T,S,S
S,G,B,X
N,D,A,C
R,E,Z,I
C,T,R,A
V,P,I
P,R,D,O
K,E,M
E,L,Y,M
L,S,B,I
N,A,R,I
Z,H,G,I,D,X
H,C,B,B
N,E,T,M
Z,I,N,G,U
B,E,L,F,B
J,I,I
T,A,R,O
H,S,I,C
L,Q
E,X,A,M
T,M,O
A,R,T,A,U
G,E,T
I,C,P
W,S,B,F
E,X,A,R
E,C,V,T
D,L,P,N
A,M,A,T
A,C,O
H,A,F,C
O,P,T,N
P,G
S,E,E
A,U,R
E,R,N,A
N,C,O,G
F,C
E,L,L,I
N,R,F
C,P,L
C,R,B,U
T,M,C,S
M,D,B,K
M,Y,N,A
R,S,T
C,T,G
B,P,R,N
T,A,O,M
S,F,S,K
F,R,K
P,D,C,O
T,U,G,C,U
L,G,O
N,P,B,C
S,I,X
R,R,M,S
S,T,B,X
A,Z,R,E
H,E,E,S
C,D,A,Q,U
V,V,X
F,O,U,R
T,H,A,C
H,T,P,A
A,I,R,V
C,Y,N
I,N,T,Z
T,V,C
P,N,X
S,N,A,K
G
R,M,G,B,U
J,A,Z,Z
S,L,V,M
U,A,A
B,L,E
Q,U,R,E
A,M,R,E
I,N,C,Y
F,U,V
B,O,R,D
Y,T,P,G
A,N,T,E
C,C,T,S,U
T,T,C,F
I,P,H,A
N,V,C,N
P,F,T,A
K,I,N,Z,U
R,D,C,M
J,I,V,E
I,A,C
C,A,N,I
C,O,B,Z
S,M,P,X
F,C,S
L,G,S,T
N,T,X
G,P,C,O,U
R,E,N,N
N,V,G,S
M,C,A,F
P,R,O,F
A,Y,L,A
J,A,M,S
T,Y,M,E
B,S,B,N
U,T,S,I
W,W,A,C,U
P,W,E,R
B,Z,F,D
B,D,S,I
G,N,R,T
F,L,J
W,W,W
B,U,D
R,N,L,X
W
R,E,S,C
R,V,Y,L
C,E,N,T,A
A,V,L,R
L,O,R,L
W,A,T,T
N,A,U,T
C,D,R
A,U,D
C,T,T
S,B,F,G
B,N,T,X
L,B,R,T
D,R,T,N
I,R,B,T
S,G
C,V,A
P,R,C,T
W,M,B
W,A,V,S
C,P,G,I
A,L,E
M,T,L,S
S,X,B
C,M,P,I
F,L,H
S,M,I,D
I,A,E
D,P,M,I
C,P,E,X
V,S,A,C,U
L,B,B,B,U
V,I,A,V
E,F,O,I
M,D,K,I
H,Y,W
M,L,N,M
S,R,E
G,S,O,L
O,P,T,M
H,C,V,I
S,D,I,G
B,B,A,R
A,N,D,V
O,C,N
P,N,R
S,F,S
H,Q,Y
C,A,B,A
F,S,L,R
C,O,M,M
V,I,N,O
F,T,E,K
S,M,H,I
L,Y,T,S
G,N,I
B,X
B,H,I,L
R,C,M
H,I,O
J,H,I
S,Y,M
P,U,L,B
E,W,C,Z
F,B,K
Z,E,K
T,Y,G
L,A,Z
I,T,X,C
C,A,R,H
T,L,M,D
P,Z,Z,A
A,L,T,A
F,N,C,O
C,Y,T,H
J,N,C
Z,J,Y,L
F,L,G,C
W,S,T,F
H,I,M,X
W,F,M
O,T,T
C,V,C,O
G,R,F,S
U,B,H
R,U,R,L
L,S,X,M,K
Z,T,O
M,C,V,T
S,T,K,H
Y,V,R
P,H,H
U,T,I,W
A,R,T,L
L,A,R,K
U,C,A,R
T,W,A,V
I,H,C
C,Y,C,N
M,O
C,N,T,X
B,U,C,Y
Z,R,P,T,U,X
D,T,I,L
O,R,I,G
N,Y,M,X
E,T,P
H,U,I,Z
H,L,Y,S
C,S,N,C
S,G,A,M,U
M,A,X,S
S,V,R,E
H,E,I
F,A,C,Q,U
I,A,G
C,L,R,O
T,R,N,S
R,D,O
E,N,R
A,E,G,R
H,D,C
G,G,L
T,C,T
L,E,N
F,B,F
J,J,O,C
S,H,M,R
B,B,I,O
T,A,C,Q,U
O,R,C,L
N,R,G,V
G,P,A,Q,U
S,U,P
C,P,N
R,L
M,Y,R,G
G,E,T,I
C,R,D,L
O,W,W,I
B,N,H,N
T,O,U,R
P,H,G
C,Y,R,X
A,L,S,N
S,T,G
A,T,L,X
A,B,C
T,C,B,P
F,W,L,T
L,E,A,F
R,O,I,L,A
F,U,N
H,T,B,I
A,L,G,M
V,F,N,X
Y,N,D,X
N,E,X,I
P,D,S,N
L,G,I
C,Y,B,S
H,U,B,G
B,T,C,S
E,P,S,N
C,H,K
H,S,I,I
E,N,T,F,U
E,N,B
R,N,I,C
K,A,C,L
D,P,C,A,Q
P,G,D,A
H,H,G,C,U
T,E,V,A
A,P,G
L,H,S,G
T,G,H
A,E,S,I
F,T,G,X
E,S,S
Q,B,T,S
A,V,G,N
I,V,A
S,O,H,U
C,L,D,R
S,R,Z,N
Z,G,N
C,I,N,T
G,I,P,R
M,L,K,N
A,G,C,O
S,Y,M,M
T,R,C
D,E,C,A,U
G,O,G,N
M,R,A,C,U
B,T,T
R,O,K,U
S,T,N,D
S,M,R,A
V,W,E
A,A,I,C
U,T,X,O
E,X,A,C
C,P,N,O
C,L,F,Y
P,X,S
C,U,L,P
S,T,R,M
O,P,K
P,N,T,M
T,T,W,O
R,C,O,N
X,P,E,L
R,B,A,C
P,U,L,X
C,L,X,T
B,S,F
X,E,L,B
O,R,T,L
I,N,N,L
M,K,T,X
M,U,E
E,S,I,O
Q,W,N,B,U
O,M,I
I,C,S,T
S,C,L,X
X,Y,G,J
E,I,X
W,B,M,D
E,C,S,T
C,N,D,T
S,B,H
I,C,P,T
B,L,O,X
X,M,S,R
N,M,F,C
K,N,M,D
W,O,R,X
B,L,N,G,U
A,M,T,I
D,T,E
C,C
G,P,T
F,B,I,Z
G,L,S,S
F,T,F,C
D,S,K,Y
A,C,C,O
B,A,M
C,C,C,G
M,T,A,L
F,N,B,X
T,E,N
T,N,E,T
J,H
I,S,D
A,S,P,P,U
B,W,B
V,E,C,T
L,M,A,C,U
R,C,L,F,U
S,H,W,C
A,M,R
B,N,S,O
P,R,L,S
R,T,E,C
D,B,D
F,R,E,E
L,C,C,O
W,L,D,N
A,C,E,L
T,P,T,H
H,S,T,P,Y
H,A,Y,N
O,N,F,O
P,S,N
N,M,X
I,M,A,Q,U
E,X,F,O
C,L,D,X
V,E,R,A
B,H,E
L,F,A,C,U
V,E,M,C,U
Z,T,E,K
S,I,B,C
I,N,M,X
C,S,T,R
M,N,M,D
A,V,I,R
M,X,F
R,F
E,D,O
T,O,R,O
E,M,E,X
M,F,N,C
Y,R,K,G
C,T,W,S
K,T,T,A
C,R,N,X
A,P,R,E
G,S,U,N
E,O,T
H,B,K
R,C
M,F,L,R
A,E,A,E,U
F,E,S,X
D,O,O,R
C,V,E,T
C,V,I
P,E,G
S,Y,N,F
U,S,R,V
N,E,P,T
B,C,E
W,E,S
S,C,O,A,U
R,I,S,K
U,C,B,C
M,R,C,C
E,V,N
J,O,F,F,U
V,L,R,S
N,M,B,L
P,R,S,T
C,E,E
M,C,N
G,L,U,E
R,B,I,O
S,H,O,S
C,B,D,R
C,M,I,I,U
K,R,M,D
K,A,L,U
A,U,R,C,U
A,C,V,A
C,C,I,F,U
D,C,E,L
V,T,R,O
B,N,R,E
F,L,F,L
N,A,T,L
A,S,P,A,U
U,W,R
G,L,H
I,F,S
M,B,S,I
B,P,M,C
B,C,T,X
J,B,L,U
T,U,F,U,U
F,I,T
S,M,M,C,U
Z,A,I,R,D,X
R,R,D
O,M,X
S,V,V,C
N,V,D,A
X,R,T,X
U,P,L,D
T,D,S
L,M,A,C,A
L,P,S
B,C
C,I,S,O
N,B,D
I,T,G
L,A,W
R,G,A
R,A,M,M,U
S,N,D,X
I,H
S,M,T,B
S,S,P
E,G,O,V
B,C,S,A
C,O,D,I
A,T,R
S,H,C,A,U
F,O,R,E,U
B,W,S,I
O,T,E,X
E,N,O,C
H,C,N,E
B,K,S,Y
Y,E,S,M
A,P,T,V
N,X,P,L
D,O,M,O
C,F,F,V,U
W,A,L
P,G,E
S,O,F,I
H,I,T,I
D,L,T,R
F,M,C,I,U
K,S,I
B,Y,F,C
N,K,T,R
B,I,T
C,H,S,P
N,U,V
D,D,D
N,O,M,D
B,I,T,F
A,B,S,T
N,F,S,B
P,H,S
N,V,A,C,U
M,T,R,Y
G,E,E,X
M,U,R,F,U
S,V,T,G
F,A,T,P
T,H
B,R,M,K
N,I,C,K
S,F,T
E,A,F
R,R,G,B
F,N,N,M,X
T,G,I
M,C,A,A,U
U,S,E,G
O,X,A,C
C,Y,A,D
G,E,V,O
A,D,A,L,U
B,Y,L,K
R,I,O,T
K,L,A,C
A,P,C
S,J,A
O,V,B,C
P,X,X,I
H,R
A,L,K,T
A,P,F
T,X,G
X,C,Y,O,X
P,B,B,I
D,O,O,O
A,L,L,K
A,L,G,N
T,L,G,A
U,S,V,I
C,F,I,I,U
P,K,B,K
N,V,E,I
B,T,A,Q,U
R,I,C,O,U
C,F,X,A
A,M,B,A
E,V,E
A,I,N
P,E,R,F
G,L,W
M,F,L
H,T,G,M
M,A,X,Y
T,E
P,D,I
I,T,Q
E,P,Z,M
N,S
P,F,I,S
O,F,S
C,I,S
W,J,C,O
S,L,X,P
K,N,L
N,G,T
L,I,N,D
B,L,A,C,U
B,W,E,N
O,R,I
K,A,L
B,R,O
C,L,C,D
F,T,C,V
P,R,T,H
B,I,O
C,D,O,T
W,C,I,C
N,L,I,T,U
P,N,W,B
E,H,C
D,E,I
L,Z,B
B,X,M,T
A,L,S,K
A,L,H,C
R,N,R
C,N,X
P,V,D
T,A,R,A
D,R,T,T
W,H,S,M
R,C,H,R
H,E,P,A
Q,U,A,D
S,P,F,I
S,L,D,P
M,F,W
O,R,C,H
A,P,P,F
T,E,A,M
V,C,V
R,V,T
H,T,L,D
H,B,B
P,C,Z
C,Y,B,E
N,S,A
M,O,L,X
P,G,N,Y
N,S,S,C
A,C,A,D
H,S,D,C
F,R,O,N
A,W
P,R,G,O
I,F,L,O
A,V,A,H
C,C,R,N
K,A,V,L
G,A,Q
F,U,L,C
V,M,E,O
C,L,B
V,A,Q,A
T,L,M
P,R,I,M
S,I,I
N,O,V,V
T,B,C,P,U
E,E,E,E
M,B,I,I
A,V,H,I
N,X
S,P,I,L
S,A,M
C,D,M,S
N,O,L,D
M,X,E
V,I,N,A
M,A,C,K
A,T,Y,T
L,C,A
O,N,Y,X
M,E,R,U
X,W,E,S
W,E,B,X
A,X,A,C
T,R,K,A
O,S,P,N
H,P,L,T
G,H,R,S
R,N,F
E,S,I,C
E,M,L,D,U
I,R,I,S
P,R,N,C
O,M,P,I
J,B,L
S,U,M,O
F,A,R,M
R,E,S
U,O,N,E,K
F,O,M,X
R,I,D,E
Y,U,M
A,C,H,R
G,H,A,C
T,G,E
E,S,L
N,Q,C
B,W,G
B,I,V,V
C,O,L,Y
S,H,P,G
H,Q,C,L
D,E,X,O
F,S,B,W
M,C,T,Y,U
W,A,I,N
G,T,P,B,U
P,E,A,R
C,Y,C,O
F,C,N,C,A
N,F,N,T
B,O,W,X,U
D,A,K,T
P,C,T,Y
E,T,A,C,U
V,S,T,M
T,V,P,T
A,Z,Z
N,C,M,I
S,P,T,A,U
C,H,T
M,U,S,E
P,F,E
I,A,T,V
R,N,W
M,O,D,G
V,A,S,C
S,G,M,A
C,S,L,T
A,D,I,N
Z,A,R,E,T,X
C,L,A,R
Q,L,I,K
Z,H,G,I,T,X
C,X,S
I,H,G
C,L,G,X
M
T,W,L,L
D,R,T,S
C,T,R,N
P,P,B,I
N,N,A
S,F,A,M
N,Q,P
G,N,M,X
U,S,M,D
E,H,I,C
I,G,T,E
U,S,G
T,C,X
V,R,S,N
M,P,B
E,S,T,A
V,A,Q,C
C,C,B,G
S,V,A,C,U
P,G,R,W
A,Q,U,A
W,B,D
J,B,T
P,R,W,T
A,C,R,X
C,R,M
T,O,P,P
G,B,X
C,L,R,T
B,E
F,D,R,Y
S,T,C
C,H,R,A
K,A
N,M,R,K
U,L,T,A
M,U,S
B,C,H,E
E,S
F,H,I
R,L,J
T,M,P,M,U
K,R,O,L
P,C,T,I
O,N,H,N
M,C,L,D,Q
C,F,V,I,U
W,W,Y
M,J,X,X
N,M,G
A,P,T,O
G,L,D,D
C,P,A,Q,U
S,T,N
E,D,U,C
N,M,M,C,U
A,M,E,D
H,C,C,C,U
A,K,S
G,D,D,Y
C,A
S,Q,L
I,F,U,L
S,P,W,X
A,G,M,X
O,P,H,V
C,M,C,S,K
V,E,O,N
K,Y,P,H
G,I,L
U,S,N,A
H,T,Z
A,P,T,X
N,H,I,C
W,B,S
A,L,V
W,A,F,D
Q,L,G,N
G,W,I,I,U
S,K,I,S
S,K,G,R
N,N
Z,E,P,P
S,F,F,C
W,B,T
A,O,G,O
E,I,C
I,N,T,X
A,B,B,V
T,O,D
C,O,H,R
C,R,E,C,U
B,Y,N,D
C,R,A,I
E,N,C,P
T,Q,N,T
F,T,D,I
M,G,A,M
O,S,U,R
G,I,L,D
H,T,H,T
B,E,V
I,M,G,C
F,I,X,X
E,V,O
S,A,P
F,F,Y,F
H,C,T
F,I,C,V,U
A,W,H
M,Y,M,D
S,A,G
H,E,C,C,U
E,Z,G,O
C,B,P,O
S,C,C,I
A,I,H,S
H,O,L,U,U
M,B,T,C,U
W,Z,H,E,1,0
Z,G,Y,H,U
F,A,T,H
A,Z,O
L,E,X,E,B
D,C,R,N,U
A,G,I,L
D,A,C
S,R,V
S,T,E,C
N,T,R
C,R,C,T
G,T,E,S
A,C,A,S
A,T,R,C
J,O,E
O,P,T,R
A,C,N,B
F,D,C
O,R,H
I,E,S,C
F,S,S,I
F,K,A,N
V,E,R,I
S,B,C,F
I,X,A,Q,U
F,S,P,X
L,O,G,M
Z,L,C
C,A,Y,N
B,A,F
G,F,I
U,S,P,H
P,G,I
L,N,B,B
N,S,I,T
O,S,A,A,U
S,F,S,T
S,R,T,N,U
A,T,E,X
O,X,U,S
F,L,G,T
D,R,Y,R
W,T
I,M,O,S
C,R,K
I,C,D
I,N,A,B
P,I,N,E
U,N,W,R
T,B,N,K
S,P,O,T
J,R,S,H
A,R,N,X
U,F,I
B,K,D
C,L,F,C
U,T,L,X
L,M,A,T
B,N,S
I,S,P,H
I,D,G,X
F,C,P,O
I,S,R,G
N,K,T
A,X,O,N
H,Y,A,C,U
A,K,A
H,P,Q
I,I,N,N
A,G,E,N
K,C,A,C
E,Y,O,N
V,N,T
C,R,L
M,R,A,I
T,L,C
T,L,C,R
W,A,G,E
A,S,T,E
C,C,D
F,S,T,R
H,V,T
E,A,C,Q,U
A,M,M,D
G,G,E
C,M,P,R
M,D,X,H
C,R,K,N
R,S
H,R,I
A,L,G,S
C,Z,R
V,S,E,C
H,L,G
O,C,S,I
G,R,A
B,D,K
E,T,A,O
S,R,E,V
O,M,F
X,W,E,L
L,C,G,I
E,M,O
G,E,Q
V,L,A,T
E,M,N
U,S,A,P
S,H,F,L
N,F,B,K
B,S,D
Z,I,L,A
M,M
X,R,X
E,L,T,X
B,C,P,C
W,M,C
V,V,I,D
Z
A,D,S,W
I,S,T,R
G,B,T,S
A,E,M,D
S,J,W
P,A,R,R
V,I,S,T
B,S,G,A,U
I,T,R,A
N,T,E,G
A,R,W,M
S,S,N,C
S,K,Y,T
G,L
O,N,T,F
M,T,R,Y,U
L,F,T,A,U
F,F,D,B
H,O,P,E
H,I,B
A,D,O,C,U
M,T,X
A,M,S,F
V,A
A,R,B,A
N,I,K,U
R,W,G,E
M,W,T
P,S,R,T
S,S,U
S,L,R,C
I,N,C,R
C,R,W,S
G,P,R,O
H,I,I
E,D,D
I,N,O,C
A,M,T,B,B
P,E
P,M,B,C
V,T,A,E
I,N,V,A
S,T,Z
A,M,O,T
S,A,V,U
O,L,N
O,N,C,E
M,V,O
A,M,L,X
J,L,G
S,B,R
E,X,E,E
U,O,P,X
H,T,B,K
C,O,D,A
C,R,A
B,R,P,A,U
M,C,E,P
M,C,I,P
R
H,T,R,N
V,R,M,E
Q,U,N,R
W,H,G
G,W,A,Y
R,O,K
A,F,W,Y
T,E,O
Y,Y
G,C,A,P
A,C,L,I
S,L,G
F,T,F,T
F,N,N,T,X
D,Y,C,Q,U
C,F,N
S,I,D,U
D,O,C
N,T,I,Q
A,C,O,R
E,X,K
S,T,A,A
F,S,Y,S
F,E,A,M
H,U
H,A,W,K,B
C,T,V,A
B,I,A,C
M,A,S
U,T,I
E,N,T,G
G,M,F,I
B,S,T,M
V,P,V
E,L,E,P
T,A,L
R,G,T,I
B,K
I,Q,M,D
B,H,S,E,U
A,F,R
S,V,N,A
E,L,A,T
Z,I,O,N
T,N,M
N,W,B,I
X,A,X,C,X
G,R,I,C
P,D,Y,N
S,N,R,H
A,V,P,T
D,M,N,D
W,L,H
E,M,U,S
I,D,A
W,P,A,U
S,L,W,D
B,O,X,C
N,V,T,A
M,A
T,I,S,I
S,R,C,K
R,C,I
C,B,T
O,B,L,G
M,R,C
I,V,T
A,V,E,A,U
A,E,I,S
C,J,J,D
P,S,E,M
P,M,C,X
M,O,D
R,O,H
J,M,B,I
M,N,R
G,O,L,F
B,E,L,M
G,T,I
A,I,M,C
S,B,I
R,K,D,A
Z,O,M,X
T,R,H,C
A,B,R
A,B,C,B
M,K,T,G
K,R,K,R
E,N,T,X
R,V,F,D
H,D,S,N
J,P,I
T,W,C,B,U
A,B,C,O
W,I,R,E
T,W,S,T
O,X,B,R
M,Q
B,N,N,Y
H,I,P,O
P,S,E
N,W,K
G,A,T,E,U
P,O,W
E,L,O,Q
A,T,R,I
K
E,Q,H
Q,N,C,X
M,R,B,K
S,Y,T,A
E,S,O,N
A,L,G
T,Y
R,T,S,X
A,S,T,R
G,N,A
C,W,S,T
V,I,N,T
D,C,R,B,U
E,L,F
A,G,F,Y
O,V,I,D
P,C,B
C,D,C,R
D,T
P,D,E,X
A,F,A,R,U
C,R,N,T
P,M
E,X,T,N
C,L,S,T
S,R,A
R,A,Y,A
T,S,H,A
E,N,C,P,U
F,E,M,Y
M,Y,J
S,G,A
A,R,H,S
A,L,C,C
O,S,S
K,Y,T,H
D,N,C,E
B,E,L,F,A
P,R,G
E,M,C,I
S,T,R,S
V,G,I
H,O,U,S
E,R,I,I
E,T,R
N,M,Z
C,V,R,X
F,N,V,T,U
C,P,L,A
E,L,D,N
I,T,O,S
B,P
C,C,R,C
B,B,S,W
C,Y,M,I
B,B,N,K
V,R,N,T
S,N,E,X
G,E,N,I
F,U,N,C
R,N,E,R
L,G,E
S,Y,B,T
A,F
S,S,F,N
C,L,P,A
U,P,U,P
S,B,T
P,R,T,S
S,E,A,S
E,V,H,C
H,R,M,Y
E,T
C,C,U
K,R,B,P
D,I,L,A,U
S,R,S,A
K,E,Y,W
C,L,W
F,A,S,T
T,W,P,G
A,B,B,K
P,S,T,B
S,C,A,Q,U
S,L,N,K
O,X,U,S,U
U,T,M,D
N,S,P,H
P,I,O,G
M,R,H
N,T,K
I,V,R
I,R,L
T,A,C
M,D,C,C
B,T,W,N,U
H,T,E,I
M,D,S
Z,V,R,A
N,X,L
A,W,I
G,E,T,R
F,N,I,S
A,N,I,K
Y,P,F
C,C,O
P,F,B,C
T,R,T,L,U
U,E,Z,X,1,0
T,P,T,I
M,L,N,X
P,B,L,T
P,B,A,X
V,M,W
L,H
G,A,M,E
C,M,C,A
G,T,S,I
B,K,S
T,B,E
N,M,H,C
B,H,A,C,U
V,O,C
Z,N,T,E,U
G,L,G
G,P,A,T,U
G,O,C,O
B,N,T
U,S,W,B
S,C,W,X
C,V,L,Y
C,B,L,T
Y,E,X,T
V,V,R
S,W,W
H,O,M,E
A,P,E,I
A,R,K,R
P,R,O,Q,U
H,C,D
V,O,S,O,U
W,S,B,A
C,Y,S
N,V,R
D,I,N,O
N,V,S,A,U
Q,U,M,U
C,M,P
C,U,B,A
E,R,I,E
M,O,X,C
P,E,G,Y
P,D,L,I
G,S,L
E,A,S,Y
C,E,M
D,A,B
D,C,F,C
G,R,B,K
M,B,N,Y
S,C,A,I
C,A,L,P
U,T,R,S
O,B,T
B,T,A,I
A,M,C,P
L,V,N,T,A
G,M,D
B,K,Y,F
B,C,D,A
S,J
S,N,V,T
B,G,X
L,S,S
A,S,R,V
E,T,R,N
L,A,N,V
C,V,E
R,L,X
Q,U,I,P
G,A,R,S
H,S,T
C,O,T,V
T,S,T
R,Y,O,U
M,L,S,T
L,W,L,G
T,J,H
F,C,A,P
B,C,O,W
B,L
B,T,M,D
E,V,T
G,F,N,C,U
H,H,N,T
F,R,S,H
C,L,I,R
E,M,B,K
A,C,R
C,P,B,K
C,F,H,I
I,O,M,I
R,O,C,G,U
D,L,X
K,I,N,D
M,M,R
D,H,A,C
W,Y
T,F,P,M
L,O,A,C
C,N,S,W
C,H,T,T
S,N,S,T,A
F,A,C,T
A,S,B,I
S,Q,N,S
T,T,P,A
I,N,G
O,C,D,X
T,S,I,A,U
S,C,M
M,M,P,T
R,N,E,T
V,I,A,O
S,V,R,A
H,C,B,K
L,V,N,T,B
S,Z,M,K
T,A,C,T
A,C,S,C
A,G,D
T,C,R,X
L,N,T,E
A,R,R,W
C,P,K,I
C,O,F,D
L,O,C,C
D,W,Y,R
D,D,R,X
O,P,H,M
L,N
C,S,S
L,U,C,Y
P,T,M,N
H,T,G
N,I,H,D
L,C
V,T,A
U,L,B,I
C,A,M,D
R,O,I,V
N,M,C,I
P,M,O
A,M,W,L
T,D,A,C,U
M,B,T,F
G,W,B
S,M,M,F
M,G,E,E
S,H,U
Z,B,H
V,Z
B,E,C
W,L,Y,B
Q,R,C,P
G,N,O
A,I,R,T
W,Y,N,N
C,A,F
F,S,R,X,U
I,L,A
F,L,M,E
R,I,C,H,U
S,H,Y,F
C,A,L
T,S,F,G
A,U,S,A
C,F,C,O,U
I,S,P,R
C,S,T,L
R,T,E,X
O,H,P,A,U
S,Y,N,H
T,H,C,H
K,N,B,T
R,P,M
M,B
R,X,H
J,X,N
V,K,T,X
B,O,P
M,M,A,N
E,D,R
E,N,F,N
T,C,B,I
C,M,K,X
C,F,R,X
A,M,R,X
R,H,P
I,N,P,X
E,V,L,V
O,S,I,R
Y,N,D
N,V,D,Q
N,S,P
P,D,H
P,A,R,A,A
L,O,K,M
C,F,R
V,A,L,E
I,T,R,U
F,P,L
W,G,S
G,O,O,G
T,I,B,B
I,P,D,N
F,S,T
T,N,O,N
B,R,N,C
K,L,X,E
P,S,H,G
D,N,A,D
C,H,C,T
L,V,L,T
D,A,O,O,U
G,B,T,B
N,H,L
G,G,T
S,Z,Z,L
B,A,F,N
P,O,S,S
T,T,S,H
V,I,N,P
T,L,T,O,B
M,E,T,C
E,X,C
G,P,X
T,M,X
N,R,I,X
P,I
B
F,R,O
R,E,N,X
L,V,L,U
R,L,D
U,T,A,A
B,M,E,A
R,O,C,L
O,N,C,T
M,M,A,C
C,Y,N,O
A,L,B,T
L,F,B
C,P,S,S
A,L,D,W
L,I,L,A,K
U,A,P,H
U,S,E,A
A,J,L
P,Y,R
C,A,C,S
F,K,F,S
E,C,P,G
N,W,A
T,W,O,A
C,L,G,N
A,A,C,I
N,R,G
T,G,O
N,E,O,F
A,B,E,V
A,L,L,B
G,V,H,R
N,F,P
S,S,A
C,N,O
L,I,N
C,S,C,D
B,L,M,N
B,F,O,H
L,B,B,B
M,W,W
A,M,V
T,H,R
E,L,V,T
N,O,K
R,M,B,S
A,T,A,Q
N,T,G,N
P,K,E
S,D,X,C
D,E,P
T,U,F,N
D,D,E
N,E,B,S
T,X,U,I
A,X,P
O,R,C,D
I,P,H,I
S,W,C
S,E,M,G
V,B,A,Y
B,R,D,G
L,P,T
S,T,R,Z,A
B,N,E,D
F,O,X,F
R,V,B,D
Z,O,L,T
I,Q
M,D,V,L
O,P
A,P,B
U,M,B,F
S,I,M,O
W,T,E,L
P,D,F,S
R,L,A,Y
W,P,C
T,F,C
L,U,B
G,C,B,C
H,W,C,C
G,R,X
B,E,Z
V,F,I
C,L,V,R
I,T,R,M
L,I
O,E,A
J,S,P,R
C,L,B,T
A,P,P,N
K,N,T,A
A,M,G,I,A
M,G,C,D
J,N,P
L,C,O,S
D,C,P
T,E,X
I,O,B,T
C,B,U,S
A,P,R,S
L,R,C,X
M,U,D,S,U
M,D,N,A
N,O,A
C,L,S
A,V,I,D
M,E,T,F
A,P,A,G,F
P,I,X,Y
P,H,L,Y
S,H,C,R
R,V,L,P
I,M,B,I
C,O,F
V,E,L,O,U
A,S,K,J
H,B,T
C,T,R,M
A,C,E,T
P,B,C,I
C,C,A,I
E,Z,C,H
V,A,C
O,S,B
I,F,I,T
C,X,P
K,R
A,G,U
I,R,G,I
C,I,G,I
I,S,T,N
M,I,K
R,A,C,E
B,B,C,P
A,A,T
N,R,G,P
R,K,U,S
O,X,I,R,E
C,B,M,D
H,O,T,T
N,C,E,B
A,R,K,O
I,O,T
P,P,S,I
T,R,M,T
A,L,X,O
G,P,C
E,B
J,M,M
K,W
Q,L,I
H,B,I,O
D,F,P
W,O,F,C
H,L,I,T
H,O,N,E
Z,Z
S,U,N,F,U
H,S
T,H,O,R
S,N,E,N
D,P,L
V,A,C,X,U
P,A,N,A
B,L,E,U
T,A,I,T
H,O,G,S
N,W,S,L,F
M,G,G
K,A,R,O
V,G,R
I,S,R,L
A,D,T
C,X
W,B,C
P,O,R
O,C,G,N
D,A,T,A
T,R,I
C,C,L,P
P,E,N,N
F,L,E,X
X,F,I,N
I,S,K,O
N,B,S,C
T,M,R,K
W,T,L,K
O,M,N,I
S,M,A,P
A,Z,T,A
M,C,A,G,U
D,S,C,I
L
P,B,H
P,S,A,I
E,Z,P,W
F,I,N,L
G,R,T,R,U
L,O,X,O
G,I,S,X
C,R,O,N
T,I,L,E
G,L,B,Z
A,L,T
P,S,F,E
M,U,L,E
M,A,T,K
B,P,M,P
N,P,S,I
N,R,X,P
